lake_id,date_before,date_after,days_between,area_before_km2,peak_area_km2,area_after_km2,fractional_drop,confidence
11,2019-06-01,2019-06-05,4,0.2801,0.2801,0.0194,0.931,HIGH (confirmed: stayed low in later scenes)
11,2019-06-05,2019-06-05,0,0.0194,0.2801,0.0031,0.989,HIGH (confirmed: stayed low in later scenes)
11,2019-06-05,2019-06-05,0,0.0031,0.2801,0.0142,0.949,HIGH (confirmed: stayed low in later scenes)
11,2019-06-05,2019-06-05,0,0.0142,0.2801,0.0064,0.977,HIGH (confirmed: stayed low in later scenes)
11,2019-06-05,2019-06-05,0,0.0064,0.2801,0.0031,0.989,HIGH (confirmed: stayed low in later scenes)
11,2019-06-05,2019-06-05,0,0.0031,0.2801,0.0026,0.991,HIGH (confirmed: stayed low in later scenes)
11,2019-06-05,2019-06-08,3,0.0026,0.2801,0.0663,0.763,HIGH (confirmed: stayed low in later scenes)
11,2019-06-08,2019-06-08,0,0.0663,0.2801,0.0046,0.984,MEDIUM (track ends after drop — no later data to confirm)
28,2019-06-11,2019-06-11,0,0.1321,0.1494,0.005,0.967,HIGH (confirmed: stayed low in later scenes)
28,2019-06-11,2019-06-15,4,0.005,0.1494,0.0046,0.969,HIGH (confirmed: stayed low in later scenes)
28,2019-06-15,2019-06-15,0,0.0046,0.1494,0.03,0.799,MEDIUM (track ends after drop — no later data to confirm)
30,2019-06-08,2019-06-10,2,0.017,0.0189,0.0074,0.608,MEDIUM (track ends after drop — no later data to confirm)
31,2019-06-15,2019-06-15,0,0.0869,0.1574,0.0026,0.983,MEDIUM (track ends after drop — no later data to confirm)
35,2019-06-11,2019-06-15,4,0.0712,0.0712,0.0034,0.952,MEDIUM (partial recovery — ambiguous)
35,2019-06-15,2019-06-15,0,0.0034,0.0712,0.0303,0.574,HIGH (confirmed: stayed low in later scenes)
35,2019-06-15,2019-06-15,0,0.0303,0.0712,0.0117,0.836,MEDIUM (track ends after drop — no later data to confirm)
39,2019-06-05,2019-06-08,3,0.1879,0.2586,0.0985,0.619,HIGH (confirmed: stayed low in later scenes)
39,2019-06-08,2019-06-10,2,0.0985,0.2586,0.0058,0.978,HIGH (confirmed: stayed low in later scenes)
39,2019-06-10,2019-06-10,0,0.0058,0.2586,0.0022,0.991,HIGH (confirmed: stayed low in later scenes)
39,2019-06-10,2019-06-11,1,0.0022,0.2586,0.0049,0.981,MEDIUM (track ends after drop — no later data to confirm)
50,2019-06-08,2019-06-10,2,0.0523,0.082,0.0315,0.616,MEDIUM (partial recovery — ambiguous)
50,2019-06-10,2019-06-11,1,0.0315,0.082,0.0325,0.604,MEDIUM (track ends after drop — no later data to confirm)
67,2019-06-05,2019-06-08,3,0.0115,0.0153,0.0055,0.641,MEDIUM (track ends after drop — no later data to confirm)
79,2019-07-03,2019-07-06,3,0.1445,0.1445,0.0071,0.951,HIGH (confirmed: stayed low in later scenes)
79,2019-07-06,2019-07-06,0,0.0071,0.1445,0.005,0.965,HIGH (confirmed: stayed low in later scenes)
79,2019-07-06,2019-07-06,0,0.005,0.1445,0.002,0.986,HIGH (confirmed: stayed low in later scenes)
79,2019-07-06,2019-07-08,2,0.002,0.1445,0.0038,0.974,HIGH (confirmed: stayed low in later scenes)
79,2019-07-08,2019-07-08,0,0.0038,0.1445,0.0034,0.976,MEDIUM (track ends after drop — no later data to confirm)
80,2019-06-01,2019-06-05,4,0.0818,0.0818,0.0063,0.923,MEDIUM (track ends after drop — no later data to confirm)
82,2019-06-08,2019-06-10,2,0.021,0.021,0.0041,0.805,HIGH (confirmed: stayed low in later scenes)
82,2019-06-10,2019-06-10,0,0.0041,0.021,0.0022,0.895,HIGH (confirmed: stayed low in later scenes)
82,2019-06-10,2019-06-11,1,0.0022,0.021,0.0049,0.767,HIGH (confirmed: stayed low in later scenes)
82,2019-06-11,2019-06-11,0,0.0049,0.021,0.0039,0.814,MEDIUM (track ends after drop — no later data to confirm)
85,2019-06-01,2019-06-05,4,0.0275,0.0275,0.0076,0.724,HIGH (confirmed: stayed low in later scenes)
85,2019-06-05,2019-06-05,0,0.0076,0.0275,0.0067,0.756,MEDIUM (track ends after drop — no later data to confirm)
86,2019-06-01,2019-06-05,4,0.0337,0.0337,0.0038,0.887,MEDIUM (track ends after drop — no later data to confirm)
87,2019-06-18,2019-06-20,2,0.0229,0.023,0.0045,0.804,MEDIUM (track ends after drop — no later data to confirm)
89,2019-06-18,2019-06-20,2,0.3032,0.319,0.0076,0.976,HIGH (confirmed: stayed low in later scenes)
89,2019-06-20,2019-06-20,0,0.0076,0.319,0.0313,0.902,HIGH (confirmed: stayed low in later scenes)
89,2019-06-20,2019-06-20,0,0.0313,0.319,0.0041,0.987,HIGH (confirmed: stayed low in later scenes)
89,2019-06-20,2019-06-20,0,0.0041,0.319,0.0436,0.863,MEDIUM (track ends after drop — no later data to confirm)
90,2019-06-08,2019-06-08,0,0.1024,0.1931,0.002,0.99,MEDIUM (partial recovery — ambiguous)
90,2019-06-10,2019-06-10,0,0.1024,0.1931,0.0021,0.989,MEDIUM (partial recovery — ambiguous)
90,2019-06-10,2019-06-11,1,0.0021,0.1931,0.0947,0.51,MEDIUM (partial recovery — ambiguous)
90,2019-06-11,2019-06-15,4,0.0947,0.1931,0.0952,0.507,MEDIUM (partial recovery — ambiguous)
90,2019-06-15,2019-06-16,1,0.0952,0.1931,0.0961,0.502,MEDIUM (partial recovery — ambiguous)
90,2019-07-03,2019-07-06,3,0.1018,0.1931,0.0714,0.63,MEDIUM (partial recovery — ambiguous)
90,2019-07-08,2019-07-10,2,0.0967,0.1931,0.0941,0.513,MEDIUM (partial recovery — ambiguous)
90,2019-07-10,2019-07-11,1,0.0941,0.1931,0.0907,0.53,MEDIUM (partial recovery — ambiguous)
90,2019-07-11,2019-07-15,4,0.0907,0.1931,0.0864,0.553,MEDIUM (partial recovery — ambiguous)
90,2019-07-15,2019-07-16,1,0.0864,0.1931,0.0831,0.57,MEDIUM (partial recovery — ambiguous)
90,2019-07-16,2019-07-20,4,0.0831,0.1931,0.0934,0.516,MEDIUM (partial recovery — ambiguous)
90,2019-07-21,2019-07-23,2,0.1053,0.1931,0.0947,0.51,MEDIUM (partial recovery — ambiguous)
90,2019-07-23,2019-07-31,8,0.0947,0.1931,0.0022,0.989,MEDIUM (partial recovery — ambiguous)
90,2019-07-31,2019-08-02,2,0.0022,0.1931,0.0808,0.582,MEDIUM (partial recovery — ambiguous)
90,2019-08-02,2019-08-04,2,0.0808,0.1931,0.0843,0.563,MEDIUM (partial recovery — ambiguous)
90,2019-08-04,2019-08-09,5,0.0843,0.1931,0.0811,0.58,MEDIUM (partial recovery — ambiguous)
90,2019-08-09,2019-08-10,1,0.0811,0.1931,0.0793,0.589,MEDIUM (partial recovery — ambiguous)
90,2019-08-10,2019-08-12,2,0.0793,0.1931,0.0722,0.626,MEDIUM (partial recovery — ambiguous)
90,2019-08-12,2019-08-20,8,0.0722,0.1931,0.0883,0.543,MEDIUM (partial recovery — ambiguous)
90,2019-08-20,2019-08-24,4,0.0883,0.1931,0.0923,0.522,MEDIUM (partial recovery — ambiguous)
90,2019-08-24,2019-08-25,1,0.0923,0.1931,0.0793,0.589,MEDIUM (partial recovery — ambiguous)
90,2019-08-25,2019-08-29,4,0.0793,0.1931,0.0938,0.514,MEDIUM (partial recovery — ambiguous)
90,2019-08-29,2019-09-01,3,0.0938,0.1931,0.0061,0.968,MEDIUM (partial recovery — ambiguous)
91,2019-06-18,2019-06-20,2,0.2413,0.2415,0.0351,0.855,HIGH (confirmed: stayed low in later scenes)
91,2019-06-20,2019-06-20,0,0.0351,0.2415,0.0283,0.883,HIGH (confirmed: stayed low in later scenes)
91,2019-06-20,2019-06-20,0,0.0283,0.2415,0.0031,0.987,HIGH (confirmed: stayed low in later scenes)
91,2019-06-20,2019-06-20,0,0.0031,0.2415,0.0032,0.987,HIGH (confirmed: stayed low in later scenes)
91,2019-06-20,2019-06-20,0,0.0032,0.2415,0.0285,0.882,MEDIUM (track ends after drop — no later data to confirm)
93,2019-08-25,2019-08-29,4,0.1086,0.1244,0.0043,0.965,HIGH (confirmed: stayed low in later scenes)
93,2019-08-29,2019-08-29,0,0.0043,0.1244,0.0063,0.949,HIGH (confirmed: stayed low in later scenes)
93,2019-08-29,2019-08-29,0,0.0063,0.1244,0.005,0.96,HIGH (confirmed: stayed low in later scenes)
93,2019-08-29,2019-09-01,3,0.005,0.1244,0.011,0.912,HIGH (confirmed: stayed low in later scenes)
93,2019-09-01,2019-09-01,0,0.011,0.1244,0.0082,0.934,HIGH (confirmed: stayed low in later scenes)
93,2019-09-01,2019-09-09,8,0.0082,0.1244,0.002,0.984,HIGH (confirmed: stayed low in later scenes)
93,2019-09-09,2019-09-09,0,0.002,0.1244,0.0048,0.961,HIGH (confirmed: stayed low in later scenes)
93,2019-09-09,2019-09-09,0,0.0048,0.1244,0.0049,0.961,MEDIUM (near season end — unconfirmable)
96,2019-09-09,2019-09-09,0,1.5624,1.7877,0.0116,0.994,MEDIUM (near season end — unconfirmable)
101,2019-09-01,2019-09-09,8,0.0913,0.1111,0.0147,0.868,HIGH (confirmed: stayed low in later scenes)
101,2019-09-09,2019-09-09,0,0.0147,0.1111,0.0112,0.899,MEDIUM (near season end — unconfirmable)
103,2019-06-18,2019-06-20,2,0.1592,0.1645,0.0614,0.627,MEDIUM (track ends after drop — no later data to confirm)
106,2019-06-18,2019-06-20,2,0.0366,0.0366,0.018,0.508,MEDIUM (track ends after drop — no later data to confirm)
108,2019-09-09,2019-09-09,0,4.8463,5.0881,0.1184,0.977,MEDIUM (near season end — unconfirmable)
112,2019-09-01,2019-09-09,8,0.4657,0.6661,0.118,0.823,HIGH (confirmed: stayed low in later scenes)
112,2019-09-09,2019-09-09,0,0.118,0.6661,0.01,0.985,HIGH (confirmed: stayed low in later scenes)
112,2019-09-09,2019-09-09,0,0.01,0.6661,0.062,0.907,HIGH (confirmed: stayed low in later scenes)
112,2019-09-09,2019-09-09,0,0.062,0.6661,0.0111,0.983,HIGH (confirmed: stayed low in later scenes)
112,2019-09-09,2019-09-09,0,0.0111,0.6661,0.0353,0.947,HIGH (confirmed: stayed low in later scenes)
112,2019-09-09,2019-09-09,0,0.0353,0.6661,0.0619,0.907,MEDIUM (near season end — unconfirmable)
130,2019-08-24,2019-08-25,1,0.0544,0.0797,0.0371,0.535,MEDIUM (partial recovery — ambiguous)
130,2019-08-25,2019-08-29,4,0.0371,0.0797,0.0384,0.518,MEDIUM (partial recovery — ambiguous)
130,2019-08-29,2019-09-01,3,0.0384,0.0797,0.0258,0.676,HIGH (confirmed: stayed low in later scenes)
130,2019-09-01,2019-09-01,0,0.0258,0.0797,0.0056,0.93,HIGH (confirmed: stayed low in later scenes)
130,2019-09-01,2019-09-01,0,0.0056,0.0797,0.002,0.975,HIGH (confirmed: stayed low in later scenes)
130,2019-09-01,2019-09-09,8,0.002,0.0797,0.0041,0.949,MEDIUM (near season end — unconfirmable)
133,2019-06-05,2019-06-08,3,0.0204,0.0204,0.0036,0.824,MEDIUM (track ends after drop — no later data to confirm)
141,2019-07-21,2019-07-23,2,0.041,0.041,0.014,0.659,MEDIUM (partial recovery — ambiguous)
141,2019-07-23,2019-07-23,0,0.014,0.041,0.0031,0.924,MEDIUM (partial recovery — ambiguous)
141,2019-07-23,2019-07-23,0,0.0031,0.041,0.0189,0.539,MEDIUM (track ends after drop — no later data to confirm)
143,2019-06-05,2019-06-08,3,0.0872,0.0872,0.0088,0.899,HIGH (confirmed: stayed low in later scenes)
143,2019-06-08,2019-06-08,0,0.0088,0.0872,0.0147,0.831,MEDIUM (track ends after drop — no later data to confirm)
147,2019-08-25,2019-08-29,4,0.0316,0.0616,0.0233,0.622,HIGH (confirmed: stayed low in later scenes)
147,2019-08-29,2019-08-29,0,0.0233,0.0616,0.0044,0.929,MEDIUM (track ends after drop — no later data to confirm)
149,2019-06-01,2019-06-05,4,0.0071,0.0071,0.0027,0.62,MEDIUM (track ends after drop — no later data to confirm)
152,2019-07-15,2019-07-16,1,0.0417,0.0419,0.0125,0.702,HIGH (confirmed: stayed low in later scenes)
152,2019-07-16,2019-07-16,0,0.0125,0.0419,0.003,0.928,MEDIUM (track ends after drop — no later data to confirm)
164,2019-09-09,2019-09-09,0,3.0434,4.0282,0.0316,0.992,MEDIUM (near season end — unconfirmable)
179,2019-06-18,2019-06-20,2,0.0058,0.0093,0.0039,0.581,MEDIUM (track ends after drop — no later data to confirm)
185,2019-06-18,2019-06-20,2,0.0096,0.0096,0.003,0.688,MEDIUM (partial recovery — ambiguous)
185,2019-06-20,2019-06-20,0,0.003,0.0096,0.0034,0.646,MEDIUM (track ends after drop — no later data to confirm)
196,2019-07-03,2019-07-06,3,0.3144,0.3437,0.0022,0.994,HIGH (confirmed: stayed low in later scenes)
196,2019-07-06,2019-07-06,0,0.0022,0.3437,0.021,0.939,HIGH (confirmed: stayed low in later scenes)
196,2019-07-06,2019-07-08,2,0.021,0.3437,0.0279,0.919,MEDIUM (track ends after drop — no later data to confirm)
202,2019-07-20,2019-07-20,0,0.0576,0.0761,0.0081,0.894,MEDIUM (track ends after drop — no later data to confirm)
207,2019-06-01,2019-06-05,4,0.009,0.009,0.004,0.556,MEDIUM (partial recovery — ambiguous)
207,2019-06-05,2019-06-05,0,0.004,0.009,0.0031,0.656,MEDIUM (track ends after drop — no later data to confirm)
214,2019-07-16,2019-07-20,4,0.0951,0.1129,0.0296,0.738,HIGH (confirmed: stayed low in later scenes)
214,2019-07-20,2019-07-20,0,0.0296,0.1129,0.002,0.982,MEDIUM (track ends after drop — no later data to confirm)
226,2019-08-29,2019-09-01,3,0.111,0.1489,0.0095,0.936,MEDIUM (partial recovery — ambiguous)
226,2019-09-01,2019-09-01,0,0.0095,0.1489,0.0132,0.911,MEDIUM (partial recovery — ambiguous)
226,2019-09-01,2019-09-01,0,0.0132,0.1489,0.0064,0.957,MEDIUM (partial recovery — ambiguous)
248,2019-06-11,2019-06-15,4,0.0396,0.0396,0.0049,0.876,MEDIUM (track ends after drop — no later data to confirm)
249,2019-06-01,2019-06-05,4,0.0172,0.0172,0.0063,0.634,HIGH (confirmed: stayed low in later scenes)
249,2019-06-05,2019-06-05,0,0.0063,0.0172,0.0031,0.82,MEDIUM (track ends after drop — no later data to confirm)
265,2019-07-08,2019-07-10,2,0.0234,0.0234,0.0112,0.521,MEDIUM (track ends after drop — no later data to confirm)
327,2019-06-20,2019-07-03,13,0.013,0.013,0.0032,0.754,MEDIUM (track ends after drop — no later data to confirm)
333,2019-06-11,2019-06-15,4,0.0168,0.0173,0.0079,0.543,MEDIUM (partial recovery — ambiguous)
333,2019-06-15,2019-06-16,1,0.0079,0.0173,0.0052,0.699,MEDIUM (track ends after drop — no later data to confirm)
336,2019-06-08,2019-06-10,2,0.1197,0.1197,0.0081,0.932,MEDIUM (partial recovery — ambiguous)
336,2019-06-10,2019-06-11,1,0.0081,0.1197,0.0136,0.886,MEDIUM (partial recovery — ambiguous)
336,2019-06-11,2019-06-15,4,0.0136,0.1197,0.0397,0.668,MEDIUM (track ends after drop — no later data to confirm)
343,2019-08-25,2019-08-29,4,0.1264,0.1804,0.0386,0.786,HIGH (confirmed: stayed low in later scenes)
343,2019-08-29,2019-08-29,0,0.0386,0.1804,0.0025,0.986,HIGH (confirmed: stayed low in later scenes)
343,2019-08-29,2019-08-29,0,0.0025,0.1804,0.0021,0.988,HIGH (confirmed: stayed low in later scenes)
343,2019-08-29,2019-09-01,3,0.0021,0.1804,0.0063,0.965,HIGH (confirmed: stayed low in later scenes)
343,2019-09-01,2019-09-01,0,0.0063,0.1804,0.0041,0.977,HIGH (confirmed: stayed low in later scenes)
343,2019-09-01,2019-09-01,0,0.0041,0.1804,0.0032,0.982,HIGH (confirmed: stayed low in later scenes)
343,2019-09-01,2019-09-01,0,0.0032,0.1804,0.0021,0.988,HIGH (confirmed: stayed low in later scenes)
343,2019-09-01,2019-09-09,8,0.0021,0.1804,0.0386,0.786,HIGH (confirmed: stayed low in later scenes)
343,2019-09-09,2019-09-09,0,0.0386,0.1804,0.0026,0.986,MEDIUM (near season end — unconfirmable)
351,2019-08-12,2019-08-20,8,0.1154,0.1205,0.002,0.983,MEDIUM (partial recovery — ambiguous)
351,2019-08-20,2019-08-20,0,0.002,0.1205,0.0229,0.81,MEDIUM (partial recovery — ambiguous)
351,2019-08-20,2019-08-20,0,0.0229,0.1205,0.0053,0.956,MEDIUM (partial recovery — ambiguous)
351,2019-08-20,2019-08-24,4,0.0053,0.1205,0.0421,0.651,HIGH (confirmed: stayed low in later scenes)
351,2019-08-24,2019-08-25,1,0.0421,0.1205,0.008,0.934,HIGH (confirmed: stayed low in later scenes)
351,2019-08-25,2019-08-25,0,0.008,0.1205,0.0022,0.982,HIGH (confirmed: stayed low in later scenes)
351,2019-08-25,2019-08-25,0,0.0022,0.1205,0.0134,0.889,HIGH (confirmed: stayed low in later scenes)
351,2019-08-25,2019-08-29,4,0.0134,0.1205,0.0062,0.949,HIGH (confirmed: stayed low in later scenes)
351,2019-08-29,2019-08-29,0,0.0062,0.1205,0.0225,0.813,MEDIUM (track ends after drop — no later data to confirm)
353,2019-06-05,2019-06-08,3,0.0065,0.0065,0.0022,0.662,MEDIUM (partial recovery — ambiguous)
355,2019-06-08,2019-06-10,2,0.0041,0.0058,0.0023,0.603,MEDIUM (partial recovery — ambiguous)
355,2019-06-10,2019-06-11,1,0.0023,0.0058,0.002,0.655,MEDIUM (track ends after drop — no later data to confirm)
369,2019-06-05,2019-06-08,3,0.0122,0.0122,0.002,0.836,MEDIUM (track ends after drop — no later data to confirm)
370,2019-06-16,2019-06-18,2,0.0745,0.1063,0.0091,0.914,HIGH (confirmed: stayed low in later scenes)
370,2019-06-18,2019-06-18,0,0.0091,0.1063,0.0096,0.91,HIGH (confirmed: stayed low in later scenes)
370,2019-06-18,2019-06-18,0,0.0096,0.1063,0.0122,0.885,HIGH (confirmed: stayed low in later scenes)
370,2019-06-18,2019-06-18,0,0.0122,0.1063,0.0048,0.955,HIGH (confirmed: stayed low in later scenes)
370,2019-06-18,2019-06-20,2,0.0048,0.1063,0.0028,0.974,HIGH (confirmed: stayed low in later scenes)
370,2019-06-20,2019-07-03,13,0.0028,0.1063,0.006,0.944,MEDIUM (track ends after drop — no later data to confirm)
371,2019-07-08,2019-07-10,2,0.0875,0.0875,0.0404,0.538,MEDIUM (track ends after drop — no later data to confirm)
377,2019-06-05,2019-06-08,3,0.0141,0.0141,0.007,0.504,MEDIUM (track ends after drop — no later data to confirm)
378,2019-08-25,2019-08-29,4,0.0179,0.0207,0.004,0.807,MEDIUM (track ends after drop — no later data to confirm)
380,2019-08-24,2019-08-25,1,0.0269,0.0329,0.0035,0.894,HIGH (confirmed: stayed low in later scenes)
380,2019-08-25,2019-08-25,0,0.0035,0.0329,0.0086,0.739,MEDIUM (track ends after drop — no later data to confirm)
382,2019-07-08,2019-07-10,2,0.1186,0.1186,0.0089,0.925,HIGH (confirmed: stayed low in later scenes)
382,2019-07-10,2019-07-10,0,0.0089,0.1186,0.0067,0.944,HIGH (confirmed: stayed low in later scenes)
382,2019-07-10,2019-07-10,0,0.0067,0.1186,0.0264,0.777,MEDIUM (track ends after drop — no later data to confirm)
397,2019-08-25,2019-08-29,4,0.0995,0.1136,0.0021,0.982,HIGH (confirmed: stayed low in later scenes)
397,2019-08-29,2019-08-29,0,0.0021,0.1136,0.0062,0.945,HIGH (confirmed: stayed low in later scenes)
397,2019-08-29,2019-08-29,0,0.0062,0.1136,0.0042,0.963,HIGH (confirmed: stayed low in later scenes)
397,2019-08-29,2019-08-29,0,0.0042,0.1136,0.0041,0.964,HIGH (confirmed: stayed low in later scenes)
397,2019-08-29,2019-08-29,0,0.0041,0.1136,0.0076,0.933,MEDIUM (track ends after drop — no later data to confirm)
399,2019-06-15,2019-06-16,1,0.0486,0.0688,0.022,0.68,MEDIUM (track ends after drop — no later data to confirm)
409,2019-07-31,2019-08-02,2,0.0213,0.0414,0.0076,0.816,MEDIUM (track ends after drop — no later data to confirm)
415,2019-07-21,2019-07-23,2,0.0339,0.0433,0.0117,0.73,MEDIUM (partial recovery — ambiguous)
415,2019-07-23,2019-07-23,0,0.0117,0.0433,0.013,0.7,MEDIUM (partial recovery — ambiguous)
415,2019-07-31,2019-08-02,2,0.0242,0.0433,0.0091,0.79,HIGH (confirmed: stayed low in later scenes)
415,2019-08-02,2019-08-02,0,0.0091,0.0433,0.002,0.954,HIGH (confirmed: stayed low in later scenes)
415,2019-08-02,2019-08-04,2,0.002,0.0433,0.0108,0.751,MEDIUM (track ends after drop — no later data to confirm)
422,2019-06-20,2019-07-03,13,0.1444,0.1444,0.0034,0.976,HIGH (confirmed: stayed low in later scenes)
422,2019-07-03,2019-07-06,3,0.0034,0.1444,0.0098,0.932,MEDIUM (track ends after drop — no later data to confirm)
423,2019-06-08,2019-06-10,2,0.0251,0.0251,0.0059,0.765,HIGH (confirmed: stayed low in later scenes)
423,2019-06-10,2019-06-11,1,0.0059,0.0251,0.0061,0.757,MEDIUM (track ends after drop — no later data to confirm)
441,2019-06-08,2019-06-10,2,0.0107,0.0107,0.0034,0.682,MEDIUM (partial recovery — ambiguous)
441,2019-06-10,2019-06-11,1,0.0034,0.0107,0.0042,0.607,MEDIUM (track ends after drop — no later data to confirm)
445,2019-07-21,2019-07-23,2,0.0167,0.0213,0.0094,0.559,MEDIUM (track ends after drop — no later data to confirm)
448,2019-06-18,2019-06-20,2,0.0801,0.0801,0.0025,0.969,MEDIUM (track ends after drop — no later data to confirm)
449,2019-07-20,2019-07-21,1,0.0849,0.0849,0.0051,0.94,MEDIUM (track ends after drop — no later data to confirm)
451,2019-07-15,2019-07-16,1,0.0731,0.0813,0.0251,0.691,MEDIUM (partial recovery — ambiguous)
451,2019-07-16,2019-07-16,0,0.0251,0.0813,0.01,0.877,MEDIUM (partial recovery — ambiguous)
451,2019-07-16,2019-07-16,0,0.01,0.0813,0.0185,0.772,MEDIUM (partial recovery — ambiguous)
451,2019-07-16,2019-07-16,0,0.0185,0.0813,0.0083,0.898,MEDIUM (partial recovery — ambiguous)
451,2019-07-16,2019-07-20,4,0.0083,0.0813,0.0287,0.647,HIGH (confirmed: stayed low in later scenes)
451,2019-07-20,2019-07-20,0,0.0287,0.0813,0.0066,0.919,HIGH (confirmed: stayed low in later scenes)
451,2019-07-20,2019-07-20,0,0.0066,0.0813,0.0044,0.946,HIGH (confirmed: stayed low in later scenes)
451,2019-07-20,2019-07-20,0,0.0044,0.0813,0.0118,0.855,MEDIUM (track ends after drop — no later data to confirm)
458,2019-06-08,2019-06-10,2,0.4598,0.4598,0.0432,0.906,MEDIUM (partial recovery — ambiguous)
458,2019-06-10,2019-06-10,0,0.0432,0.4598,0.1695,0.631,MEDIUM (partial recovery — ambiguous)
458,2019-06-10,2019-06-10,0,0.1695,0.4598,0.1279,0.722,MEDIUM (partial recovery — ambiguous)
458,2019-06-10,2019-06-11,1,0.1279,0.4598,0.0324,0.93,MEDIUM (partial recovery — ambiguous)
458,2019-06-11,2019-06-11,0,0.0324,0.4598,0.1603,0.651,HIGH (confirmed: stayed low in later scenes)
458,2019-06-11,2019-06-11,0,0.1603,0.4598,0.0618,0.866,HIGH (confirmed: stayed low in later scenes)
458,2019-06-11,2019-06-11,0,0.0618,0.4598,0.0147,0.968,MEDIUM (track ends after drop — no later data to confirm)
477,2019-06-05,2019-06-08,3,0.007,0.007,0.0033,0.529,MEDIUM (track ends after drop — no later data to confirm)
491,2019-06-20,2019-07-03,13,0.0159,0.0174,0.0049,0.718,MEDIUM (track ends after drop — no later data to confirm)
494,2019-06-10,2019-06-11,1,0.0055,0.0055,0.0025,0.545,MEDIUM (track ends after drop — no later data to confirm)
506,2019-07-08,2019-07-10,2,0.0532,0.0532,0.0248,0.534,MEDIUM (track ends after drop — no later data to confirm)
543,2019-07-08,2019-07-10,2,0.0345,0.0345,0.0147,0.574,MEDIUM (track ends after drop — no later data to confirm)
545,2019-06-11,2019-06-15,4,0.0142,0.0142,0.0062,0.563,HIGH (confirmed: stayed low in later scenes)
545,2019-06-15,2019-06-15,0,0.0062,0.0142,0.0027,0.81,MEDIUM (track ends after drop — no later data to confirm)
556,2019-07-08,2019-07-10,2,0.0263,0.0263,0.0124,0.529,MEDIUM (track ends after drop — no later data to confirm)
568,2019-08-25,2019-08-29,4,0.0588,0.0743,0.0335,0.549,MEDIUM (track ends after drop — no later data to confirm)
575,2019-07-08,2019-07-10,2,0.0515,0.0515,0.0161,0.687,MEDIUM (track ends after drop — no later data to confirm)
580,2019-06-11,2019-06-15,4,0.0369,0.0369,0.0143,0.612,HIGH (confirmed: stayed low in later scenes)
580,2019-06-15,2019-06-15,0,0.0143,0.0369,0.0045,0.878,MEDIUM (track ends after drop — no later data to confirm)
596,2019-06-11,2019-06-15,4,0.012,0.012,0.0028,0.767,MEDIUM (track ends after drop — no later data to confirm)
618,2019-06-11,2019-06-15,4,0.0252,0.0258,0.0027,0.895,HIGH (confirmed: stayed low in later scenes)
618,2019-06-15,2019-06-15,0,0.0027,0.0258,0.0023,0.911,MEDIUM (track ends after drop — no later data to confirm)
652,2019-06-11,2019-06-15,4,0.0182,0.0194,0.0022,0.887,HIGH (confirmed: stayed low in later scenes)
652,2019-06-15,2019-06-15,0,0.0022,0.0194,0.0046,0.763,HIGH (confirmed: stayed low in later scenes)
652,2019-06-15,2019-06-16,1,0.0046,0.0194,0.0027,0.861,MEDIUM (track ends after drop — no later data to confirm)
653,2019-07-08,2019-07-10,2,0.0109,0.0109,0.0053,0.514,MEDIUM (track ends after drop — no later data to confirm)
657,2019-07-15,2019-07-16,1,0.0426,0.0429,0.0064,0.851,MEDIUM (partial recovery — ambiguous)
657,2019-07-16,2019-07-16,0,0.0064,0.0429,0.0113,0.737,MEDIUM (partial recovery — ambiguous)
663,2019-07-15,2019-07-16,1,0.0419,0.0425,0.0027,0.936,MEDIUM (partial recovery — ambiguous)
669,2019-06-10,2019-06-11,1,0.0223,0.0223,0.0063,0.717,MEDIUM (track ends after drop — no later data to confirm)
687,2019-06-11,2019-06-15,4,0.0341,0.0436,0.0198,0.546,HIGH (confirmed: stayed low in later scenes)
687,2019-06-15,2019-06-16,1,0.0198,0.0436,0.0021,0.952,HIGH (confirmed: stayed low in later scenes)
687,2019-06-16,2019-06-18,2,0.0021,0.0436,0.0042,0.904,MEDIUM (track ends after drop — no later data to confirm)
688,2019-06-10,2019-06-11,1,0.0046,0.0046,0.0021,0.543,MEDIUM (track ends after drop — no later data to confirm)
689,2019-06-11,2019-06-15,4,0.0124,0.0149,0.0051,0.658,MEDIUM (track ends after drop — no later data to confirm)
690,2019-06-11,2019-06-15,4,0.0553,0.0553,0.0031,0.944,MEDIUM (partial recovery — ambiguous)
690,2019-06-15,2019-06-15,0,0.0031,0.0553,0.0247,0.553,HIGH (confirmed: stayed low in later scenes)
690,2019-06-15,2019-06-16,1,0.0247,0.0553,0.0076,0.863,MEDIUM (track ends after drop — no later data to confirm)
696,2019-06-18,2019-06-20,2,0.049,0.049,0.007,0.857,MEDIUM (track ends after drop — no later data to confirm)
698,2019-08-20,2019-08-24,4,0.0201,0.0223,0.0072,0.677,MEDIUM (track ends after drop — no later data to confirm)
699,2019-06-18,2019-06-20,2,0.0181,0.0249,0.002,0.92,MEDIUM (track ends after drop — no later data to confirm)
701,2019-08-10,2019-08-12,2,0.0498,0.0608,0.0302,0.503,MEDIUM (partial recovery — ambiguous)
701,2019-08-12,2019-08-12,0,0.0302,0.0608,0.002,0.967,MEDIUM (partial recovery — ambiguous)
701,2019-08-12,2019-08-20,8,0.002,0.0608,0.0026,0.957,MEDIUM (partial recovery — ambiguous)
701,2019-08-20,2019-08-20,0,0.0026,0.0608,0.0092,0.849,MEDIUM (partial recovery — ambiguous)
705,2019-06-11,2019-06-15,4,0.0132,0.0155,0.0041,0.735,MEDIUM (track ends after drop — no later data to confirm)
706,2019-08-10,2019-08-12,2,0.0085,0.0147,0.0025,0.83,MEDIUM (partial recovery — ambiguous)
706,2019-08-20,2019-08-24,4,0.0079,0.0147,0.0064,0.565,HIGH (confirmed: stayed low in later scenes)
706,2019-08-24,2019-08-25,1,0.0064,0.0147,0.0032,0.782,MEDIUM (track ends after drop — no later data to confirm)
709,2019-07-31,2019-08-02,2,0.0114,0.0162,0.0022,0.864,MEDIUM (partial recovery — ambiguous)
715,2019-06-18,2019-06-20,2,0.035,0.0378,0.0087,0.77,HIGH (confirmed: stayed low in later scenes)
715,2019-06-20,2019-07-03,13,0.0087,0.0378,0.006,0.841,MEDIUM (track ends after drop — no later data to confirm)
716,2019-06-11,2019-06-15,4,0.0044,0.0058,0.0027,0.534,MEDIUM (track ends after drop — no later data to confirm)
718,2019-06-10,2019-06-11,1,0.0082,0.0082,0.0025,0.695,MEDIUM (track ends after drop — no later data to confirm)
721,2019-07-11,2019-07-15,4,0.0144,0.0144,0.0072,0.5,MEDIUM (partial recovery — ambiguous)
721,2019-07-15,2019-07-16,1,0.0072,0.0144,0.0065,0.549,HIGH (confirmed: stayed low in later scenes)
721,2019-07-16,2019-07-20,4,0.0065,0.0144,0.0035,0.757,HIGH (confirmed: stayed low in later scenes)
721,2019-07-20,2019-07-21,1,0.0035,0.0144,0.0036,0.75,HIGH (confirmed: stayed low in later scenes)
721,2019-07-21,2019-07-23,2,0.0036,0.0144,0.0022,0.847,MEDIUM (track ends after drop — no later data to confirm)
722,2019-06-18,2019-06-20,2,0.0355,0.0358,0.0071,0.802,HIGH (confirmed: stayed low in later scenes)
722,2019-06-20,2019-06-20,0,0.0071,0.0358,0.0031,0.913,MEDIUM (track ends after drop — no later data to confirm)
733,2019-06-18,2019-06-20,2,0.04,0.04,0.0033,0.918,HIGH (confirmed: stayed low in later scenes)
733,2019-06-20,2019-06-20,0,0.0033,0.04,0.0042,0.895,MEDIUM (track ends after drop — no later data to confirm)
735,2019-06-11,2019-06-15,4,0.0063,0.0067,0.002,0.701,MEDIUM (track ends after drop — no later data to confirm)
742,2019-06-10,2019-06-11,1,0.0078,0.0078,0.0036,0.538,MEDIUM (track ends after drop — no later data to confirm)
750,2019-06-16,2019-06-18,2,0.0752,0.1317,0.007,0.947,MEDIUM (track ends after drop — no later data to confirm)
752,2019-06-11,2019-06-15,4,0.0066,0.0071,0.0025,0.648,MEDIUM (track ends after drop — no later data to confirm)
761,2019-06-10,2019-06-11,1,0.0084,0.0084,0.0023,0.726,MEDIUM (track ends after drop — no later data to confirm)
778,2019-06-11,2019-06-15,4,0.0319,0.0319,0.0027,0.915,MEDIUM (track ends after drop — no later data to confirm)
779,2019-06-11,2019-06-15,4,0.0449,0.0449,0.005,0.889,MEDIUM (track ends after drop — no later data to confirm)
788,2019-06-18,2019-06-20,2,0.0691,0.0691,0.0122,0.823,MEDIUM (partial recovery — ambiguous)
788,2019-06-20,2019-06-20,0,0.0122,0.0691,0.0219,0.683,HIGH (confirmed: stayed low in later scenes)
788,2019-06-20,2019-07-03,13,0.0219,0.0691,0.0082,0.881,HIGH (confirmed: stayed low in later scenes)
788,2019-07-03,2019-07-03,0,0.0082,0.0691,0.0066,0.904,HIGH (confirmed: stayed low in later scenes)
788,2019-07-03,2019-07-03,0,0.0066,0.0691,0.0041,0.941,MEDIUM (track ends after drop — no later data to confirm)
793,2019-06-11,2019-06-15,4,0.0746,0.0746,0.0037,0.95,HIGH (confirmed: stayed low in later scenes)
793,2019-06-15,2019-06-15,0,0.0037,0.0746,0.002,0.973,HIGH (confirmed: stayed low in later scenes)
793,2019-06-15,2019-06-15,0,0.002,0.0746,0.0099,0.867,MEDIUM (track ends after drop — no later data to confirm)
794,2019-06-15,2019-06-16,1,0.077,0.077,0.0026,0.966,HIGH (confirmed: stayed low in later scenes)
794,2019-06-16,2019-06-18,2,0.0026,0.077,0.0155,0.799,HIGH (confirmed: stayed low in later scenes)
794,2019-06-18,2019-06-20,2,0.0155,0.077,0.0027,0.965,MEDIUM (track ends after drop — no later data to confirm)
805,2019-06-11,2019-06-15,4,0.0101,0.0101,0.003,0.703,MEDIUM (track ends after drop — no later data to confirm)
806,2019-06-11,2019-06-15,4,0.0079,0.0079,0.0038,0.519,MEDIUM (partial recovery — ambiguous)
806,2019-06-15,2019-06-15,0,0.0038,0.0079,0.0032,0.595,MEDIUM (track ends after drop — no later data to confirm)
810,2019-07-08,2019-07-10,2,0.0529,0.0529,0.0194,0.633,MEDIUM (track ends after drop — no later data to confirm)
811,2019-06-11,2019-06-15,4,0.0217,0.0217,0.0031,0.857,HIGH (confirmed: stayed low in later scenes)
811,2019-06-15,2019-06-15,0,0.0031,0.0217,0.0025,0.885,MEDIUM (track ends after drop — no later data to confirm)
815,2019-06-15,2019-06-15,0,0.0449,0.0713,0.0025,0.965,MEDIUM (track ends after drop — no later data to confirm)
819,2019-06-11,2019-06-15,4,0.0393,0.0393,0.0172,0.562,MEDIUM (track ends after drop — no later data to confirm)
826,2019-06-11,2019-06-15,4,0.0069,0.0069,0.003,0.565,MEDIUM (track ends after drop — no later data to confirm)
827,2019-07-08,2019-07-10,2,0.0589,0.0589,0.0022,0.963,HIGH (confirmed: stayed low in later scenes)
827,2019-07-10,2019-07-10,0,0.0022,0.0589,0.005,0.915,HIGH (confirmed: stayed low in later scenes)
827,2019-07-10,2019-07-10,0,0.005,0.0589,0.0026,0.956,HIGH (confirmed: stayed low in later scenes)
827,2019-07-10,2019-07-10,0,0.0026,0.0589,0.0023,0.961,MEDIUM (track ends after drop — no later data to confirm)
829,2019-06-11,2019-06-15,4,0.0231,0.0231,0.0097,0.58,MEDIUM (track ends after drop — no later data to confirm)
832,2019-06-20,2019-06-20,0,0.4848,0.5122,0.0094,0.982,HIGH (confirmed: stayed low in later scenes)
832,2019-06-20,2019-07-03,13,0.0094,0.5122,0.0828,0.838,MEDIUM (track ends after drop — no later data to confirm)
838,2019-06-11,2019-06-15,4,0.046,0.046,0.0053,0.885,HIGH (confirmed: stayed low in later scenes)
838,2019-06-15,2019-06-15,0,0.0053,0.046,0.0028,0.939,HIGH (confirmed: stayed low in later scenes)
838,2019-06-15,2019-06-15,0,0.0028,0.046,0.0134,0.709,MEDIUM (track ends after drop — no later data to confirm)
839,2019-06-15,2019-06-15,0,0.0793,0.1036,0.0029,0.972,MEDIUM (track ends after drop — no later data to confirm)
846,2019-06-15,2019-06-16,1,0.3321,0.3321,0.019,0.943,HIGH (confirmed: stayed low in later scenes)
846,2019-06-16,2019-06-18,2,0.019,0.3321,0.0046,0.986,HIGH (confirmed: stayed low in later scenes)
846,2019-06-18,2019-06-20,2,0.0046,0.3321,0.0022,0.993,MEDIUM (track ends after drop — no later data to confirm)
863,2019-09-01,2019-09-09,8,0.0491,0.0632,0.0021,0.967,MEDIUM (partial recovery — ambiguous)
873,2019-07-03,2019-07-06,3,0.505,0.505,0.0071,0.986,MEDIUM (partial recovery — ambiguous)
873,2019-07-06,2019-07-06,0,0.0071,0.505,0.0063,0.988,MEDIUM (partial recovery — ambiguous)
873,2019-07-06,2019-07-06,0,0.3487,0.505,0.0057,0.989,MEDIUM (track ends after drop — no later data to confirm)
910,2019-06-15,2019-06-16,1,0.022,0.022,0.0105,0.523,MEDIUM (track ends after drop — no later data to confirm)
917,2019-06-15,2019-06-16,1,0.0111,0.0111,0.0021,0.811,MEDIUM (partial recovery — ambiguous)
917,2019-06-16,2019-06-16,0,0.0021,0.0111,0.0037,0.667,MEDIUM (partial recovery — ambiguous)
917,2019-06-16,2019-06-18,2,0.0037,0.0111,0.0027,0.757,MEDIUM (partial recovery — ambiguous)
917,2019-06-18,2019-06-18,0,0.0027,0.0111,0.0041,0.631,MEDIUM (partial recovery — ambiguous)
917,2019-06-20,2019-06-20,0,0.0057,0.0111,0.0027,0.757,MEDIUM (track ends after drop — no later data to confirm)
926,2019-07-08,2019-07-10,2,0.0716,0.0716,0.0044,0.939,HIGH (confirmed: stayed low in later scenes)
926,2019-07-10,2019-07-10,0,0.0044,0.0716,0.0186,0.74,MEDIUM (track ends after drop — no later data to confirm)
945,2019-06-16,2019-06-16,0,0.014,0.0175,0.002,0.886,MEDIUM (track ends after drop — no later data to confirm)
950,2019-07-08,2019-07-10,2,0.061,0.061,0.0227,0.628,MEDIUM (track ends after drop — no later data to confirm)
955,2019-07-03,2019-07-03,0,0.0036,0.0069,0.0021,0.696,MEDIUM (track ends after drop — no later data to confirm)
959,2019-07-23,2019-07-23,0,0.294,0.4557,0.0099,0.978,MEDIUM (track ends after drop — no later data to confirm)
960,2019-08-10,2019-08-12,2,0.0303,0.0403,0.0056,0.861,MEDIUM (partial recovery — ambiguous)
960,2019-08-12,2019-08-12,0,0.0056,0.0403,0.0116,0.712,MEDIUM (partial recovery — ambiguous)
960,2019-08-12,2019-08-12,0,0.0116,0.0403,0.0147,0.635,MEDIUM (partial recovery — ambiguous)
960,2019-08-12,2019-08-20,8,0.0147,0.0403,0.0083,0.794,MEDIUM (partial recovery — ambiguous)
960,2019-08-20,2019-08-20,0,0.0083,0.0403,0.0132,0.672,HIGH (confirmed: stayed low in later scenes)
960,2019-08-20,2019-08-20,0,0.0132,0.0403,0.0065,0.839,HIGH (confirmed: stayed low in later scenes)
960,2019-08-20,2019-08-24,4,0.0065,0.0403,0.0066,0.836,HIGH (confirmed: stayed low in later scenes)
960,2019-08-24,2019-08-24,0,0.0066,0.0403,0.006,0.851,HIGH (confirmed: stayed low in later scenes)
960,2019-08-24,2019-08-24,0,0.006,0.0403,0.0052,0.871,HIGH (confirmed: stayed low in later scenes)
960,2019-08-24,2019-08-24,0,0.0052,0.0403,0.0049,0.878,HIGH (confirmed: stayed low in later scenes)
960,2019-08-24,2019-08-25,1,0.0049,0.0403,0.0046,0.886,HIGH (confirmed: stayed low in later scenes)
960,2019-08-25,2019-08-25,0,0.0046,0.0403,0.0035,0.913,HIGH (confirmed: stayed low in later scenes)
960,2019-08-25,2019-08-25,0,0.0035,0.0403,0.0022,0.945,HIGH (confirmed: stayed low in later scenes)
960,2019-08-25,2019-08-29,4,0.0022,0.0403,0.0048,0.881,HIGH (confirmed: stayed low in later scenes)
960,2019-08-29,2019-08-29,0,0.0048,0.0403,0.0054,0.866,HIGH (confirmed: stayed low in later scenes)
960,2019-08-29,2019-09-01,3,0.0054,0.0403,0.0059,0.854,HIGH (confirmed: stayed low in later scenes)
960,2019-09-01,2019-09-01,0,0.0059,0.0403,0.0104,0.742,HIGH (confirmed: stayed low in later scenes)
960,2019-09-01,2019-09-09,8,0.0104,0.0403,0.0032,0.921,HIGH (confirmed: stayed low in later scenes)
960,2019-09-09,2019-09-09,0,0.0032,0.0403,0.0095,0.764,MEDIUM (near season end — unconfirmable)
962,2019-08-04,2019-08-09,5,0.028,0.0362,0.0174,0.519,MEDIUM (partial recovery — ambiguous)
962,2019-08-09,2019-08-10,1,0.0174,0.0362,0.0168,0.536,MEDIUM (partial recovery — ambiguous)
962,2019-08-10,2019-08-12,2,0.0168,0.0362,0.0144,0.602,MEDIUM (partial recovery — ambiguous)
962,2019-08-12,2019-08-20,8,0.0144,0.0362,0.0132,0.635,MEDIUM (track ends after drop — no later data to confirm)
963,2019-07-03,2019-07-06,3,0.015,0.015,0.0032,0.787,MEDIUM (track ends after drop — no later data to confirm)
965,2019-08-25,2019-08-29,4,0.0057,0.0079,0.002,0.747,MEDIUM (partial recovery — ambiguous)
965,2019-08-29,2019-09-01,3,0.002,0.0079,0.0035,0.557,MEDIUM (near season end — unconfirmable)
966,2019-06-18,2019-06-20,2,0.0324,0.0324,0.0046,0.858,HIGH (confirmed: stayed low in later scenes)
966,2019-06-20,2019-06-20,0,0.0046,0.0324,0.0049,0.849,MEDIUM (track ends after drop — no later data to confirm)
968,2019-07-08,2019-07-10,2,0.0316,0.0316,0.0025,0.921,MEDIUM (partial recovery — ambiguous)
968,2019-07-10,2019-07-10,0,0.0025,0.0316,0.0059,0.813,MEDIUM (partial recovery — ambiguous)
968,2019-07-10,2019-07-11,1,0.0059,0.0316,0.0096,0.696,MEDIUM (track ends after drop — no later data to confirm)
972,2019-07-21,2019-07-23,2,0.0231,0.0246,0.0119,0.516,MEDIUM (track ends after drop — no later data to confirm)
982,2019-06-16,2019-06-18,2,0.1494,0.1494,0.0307,0.795,HIGH (confirmed: stayed low in later scenes)
982,2019-06-18,2019-06-18,0,0.0307,0.1494,0.0088,0.941,MEDIUM (track ends after drop — no later data to confirm)
984,2019-06-16,2019-06-18,2,0.0098,0.0098,0.0049,0.5,MEDIUM (partial recovery — ambiguous)
984,2019-06-18,2019-06-18,0,0.0049,0.0098,0.0042,0.571,MEDIUM (track ends after drop — no later data to confirm)
985,2019-08-25,2019-08-29,4,0.0374,0.0393,0.0025,0.936,HIGH (confirmed: stayed low in later scenes)
985,2019-08-29,2019-08-29,0,0.0025,0.0393,0.0028,0.929,MEDIUM (track ends after drop — no later data to confirm)
997,2019-07-08,2019-07-10,2,0.0214,0.0214,0.0067,0.687,HIGH (confirmed: stayed low in later scenes)
997,2019-07-10,2019-07-10,0,0.0067,0.0214,0.0039,0.818,MEDIUM (track ends after drop — no later data to confirm)
1005,2019-06-18,2019-06-20,2,0.0182,0.0182,0.0033,0.819,MEDIUM (track ends after drop — no later data to confirm)
1009,2019-06-18,2019-06-20,2,0.0186,0.0186,0.0029,0.844,MEDIUM (partial recovery — ambiguous)
1009,2019-06-20,2019-07-03,13,0.0029,0.0186,0.0069,0.629,MEDIUM (track ends after drop — no later data to confirm)
1013,2019-06-18,2019-06-20,2,0.0225,0.0225,0.0046,0.796,MEDIUM (partial recovery — ambiguous)
1013,2019-06-20,2019-06-20,0,0.0046,0.0225,0.0093,0.587,MEDIUM (track ends after drop — no later data to confirm)
1015,2019-06-18,2019-06-20,2,0.0323,0.0323,0.0054,0.833,MEDIUM (track ends after drop — no later data to confirm)
1016,2019-06-18,2019-06-20,2,0.0219,0.0219,0.0022,0.9,MEDIUM (track ends after drop — no later data to confirm)
1018,2019-06-18,2019-06-20,2,0.1858,0.1858,0.0698,0.624,HIGH (confirmed: stayed low in later scenes)
1018,2019-06-20,2019-07-03,13,0.0698,0.1858,0.014,0.925,HIGH (confirmed: stayed low in later scenes)
1018,2019-07-03,2019-07-06,3,0.014,0.1858,0.0153,0.918,HIGH (confirmed: stayed low in later scenes)
1018,2019-07-06,2019-07-08,2,0.0153,0.1858,0.0196,0.895,HIGH (confirmed: stayed low in later scenes)
1018,2019-07-08,2019-07-10,2,0.0196,0.1858,0.0147,0.921,MEDIUM (track ends after drop — no later data to confirm)
1021,2019-06-18,2019-06-20,2,0.0154,0.0154,0.007,0.545,MEDIUM (track ends after drop — no later data to confirm)
1022,2019-06-18,2019-06-20,2,0.0462,0.0462,0.0157,0.66,HIGH (confirmed: stayed low in later scenes)
1022,2019-06-20,2019-07-03,13,0.0157,0.0462,0.0081,0.825,HIGH (confirmed: stayed low in later scenes)
1022,2019-07-03,2019-07-03,0,0.0081,0.0462,0.0055,0.881,HIGH (confirmed: stayed low in later scenes)
1022,2019-07-03,2019-07-03,0,0.0055,0.0462,0.0029,0.937,MEDIUM (track ends after drop — no later data to confirm)
1028,2019-06-20,2019-07-03,13,0.0069,0.0069,0.0024,0.652,MEDIUM (track ends after drop — no later data to confirm)
1040,2019-07-03,2019-07-06,3,0.1596,0.1596,0.0052,0.967,MEDIUM (track ends after drop — no later data to confirm)
1054,2019-07-08,2019-07-10,2,0.0739,0.0739,0.0292,0.605,MEDIUM (track ends after drop — no later data to confirm)
1059,2019-07-08,2019-07-10,2,0.0181,0.0181,0.0027,0.851,MEDIUM (track ends after drop — no later data to confirm)
1060,2019-06-18,2019-06-20,2,0.0046,0.0046,0.0022,0.522,MEDIUM (track ends after drop — no later data to confirm)
1066,2019-07-08,2019-07-10,2,0.0197,0.0197,0.0027,0.863,MEDIUM (track ends after drop — no later data to confirm)
1069,2019-07-08,2019-07-10,2,0.0124,0.0124,0.0034,0.726,HIGH (confirmed: stayed low in later scenes)
1069,2019-07-10,2019-07-10,0,0.0034,0.0124,0.0022,0.823,MEDIUM (track ends after drop — no later data to confirm)
1071,2019-06-18,2019-06-20,2,0.0827,0.0827,0.0022,0.973,MEDIUM (track ends after drop — no later data to confirm)
1080,2019-06-18,2019-06-20,2,0.0313,0.0313,0.0027,0.914,MEDIUM (track ends after drop — no later data to confirm)
1083,2019-07-08,2019-07-10,2,0.0414,0.0414,0.0022,0.947,HIGH (confirmed: stayed low in later scenes)
1083,2019-07-10,2019-07-10,0,0.0022,0.0414,0.0025,0.94,HIGH (confirmed: stayed low in later scenes)
1083,2019-07-10,2019-07-10,0,0.0025,0.0414,0.0031,0.925,MEDIUM (track ends after drop — no later data to confirm)
1085,2019-07-08,2019-07-10,2,0.1114,0.1114,0.0367,0.671,HIGH (confirmed: stayed low in later scenes)
1085,2019-07-10,2019-07-10,0,0.0367,0.1114,0.0028,0.975,HIGH (confirmed: stayed low in later scenes)
1085,2019-07-10,2019-07-10,0,0.0028,0.1114,0.0031,0.972,MEDIUM (track ends after drop — no later data to confirm)
1088,2019-06-18,2019-06-20,2,0.0513,0.0513,0.0035,0.932,MEDIUM (track ends after drop — no later data to confirm)
1094,2019-06-18,2019-06-20,2,0.0321,0.0321,0.0038,0.882,MEDIUM (track ends after drop — no later data to confirm)
1099,2019-06-18,2019-06-20,2,0.0076,0.0076,0.0032,0.579,MEDIUM (track ends after drop — no later data to confirm)
1123,2019-07-11,2019-07-15,4,0.0504,0.0526,0.0044,0.916,MEDIUM (partial recovery — ambiguous)
1123,2019-07-15,2019-07-16,1,0.0334,0.0526,0.0093,0.823,MEDIUM (partial recovery — ambiguous)
1123,2019-07-16,2019-07-20,4,0.0093,0.0526,0.0145,0.724,MEDIUM (partial recovery — ambiguous)
1123,2019-07-20,2019-07-21,1,0.0145,0.0526,0.0172,0.673,MEDIUM (partial recovery — ambiguous)
1123,2019-07-21,2019-07-23,2,0.0172,0.0526,0.0107,0.797,MEDIUM (partial recovery — ambiguous)
1123,2019-07-23,2019-07-31,8,0.0107,0.0526,0.0023,0.956,MEDIUM (partial recovery — ambiguous)
1123,2019-07-31,2019-07-31,0,0.0023,0.0526,0.0067,0.873,MEDIUM (partial recovery — ambiguous)
1123,2019-08-02,2019-08-02,0,0.0353,0.0526,0.0037,0.93,MEDIUM (track ends after drop — no later data to confirm)
1130,2019-07-08,2019-07-10,2,0.0182,0.0182,0.0042,0.769,MEDIUM (track ends after drop — no later data to confirm)
1149,2019-07-03,2019-07-06,3,0.7804,0.7804,0.0021,0.997,HIGH (confirmed: stayed low in later scenes)
1149,2019-07-06,2019-07-08,2,0.0021,0.7804,0.0025,0.997,MEDIUM (track ends after drop — no later data to confirm)
1154,2019-07-10,2019-07-11,1,0.0128,0.0217,0.0082,0.622,MEDIUM (partial recovery — ambiguous)
1154,2019-07-15,2019-07-16,1,0.0122,0.0217,0.0028,0.871,MEDIUM (partial recovery — ambiguous)
1154,2019-07-16,2019-07-20,4,0.0028,0.0217,0.0041,0.811,MEDIUM (partial recovery — ambiguous)
1155,2019-07-10,2019-07-11,1,0.0127,0.0238,0.0037,0.845,MEDIUM (partial recovery — ambiguous)
1155,2019-07-15,2019-07-16,1,0.0138,0.0238,0.0028,0.882,MEDIUM (track ends after drop — no later data to confirm)
1161,2019-07-08,2019-07-10,2,0.0055,0.0055,0.0027,0.509,MEDIUM (track ends after drop — no later data to confirm)
1171,2019-06-18,2019-06-20,2,0.008,0.008,0.0027,0.662,MEDIUM (partial recovery — ambiguous)
1171,2019-06-20,2019-06-20,0,0.0027,0.008,0.0029,0.638,MEDIUM (track ends after drop — no later data to confirm)
1176,2019-07-03,2019-07-06,3,0.022,0.022,0.0071,0.677,MEDIUM (partial recovery — ambiguous)
1176,2019-07-06,2019-07-06,0,0.0071,0.022,0.0049,0.777,MEDIUM (partial recovery — ambiguous)
1176,2019-07-06,2019-07-08,2,0.0049,0.022,0.0107,0.514,MEDIUM (partial recovery — ambiguous)
1176,2019-07-08,2019-07-08,0,0.0107,0.022,0.0077,0.65,MEDIUM (partial recovery — ambiguous)
1176,2019-07-08,2019-07-10,2,0.0077,0.022,0.0077,0.65,MEDIUM (partial recovery — ambiguous)
1176,2019-07-10,2019-07-10,0,0.0077,0.022,0.0095,0.568,MEDIUM (partial recovery — ambiguous)
1176,2019-07-10,2019-07-11,1,0.0095,0.022,0.0092,0.582,MEDIUM (partial recovery — ambiguous)
1176,2019-07-11,2019-07-11,0,0.0092,0.022,0.0089,0.595,MEDIUM (partial recovery — ambiguous)
1176,2019-07-11,2019-07-15,4,0.0089,0.022,0.0088,0.6,MEDIUM (partial recovery — ambiguous)
1176,2019-07-15,2019-07-15,0,0.0088,0.022,0.0086,0.609,MEDIUM (partial recovery — ambiguous)
1176,2019-07-15,2019-07-16,1,0.0086,0.022,0.0105,0.523,MEDIUM (partial recovery — ambiguous)
1176,2019-07-16,2019-07-16,0,0.0105,0.022,0.0079,0.641,MEDIUM (partial recovery — ambiguous)
1186,2019-06-20,2019-07-03,13,0.0469,0.0469,0.012,0.744,HIGH (confirmed: stayed low in later scenes)
1186,2019-07-03,2019-07-03,0,0.012,0.0469,0.0098,0.791,MEDIUM (track ends after drop — no later data to confirm)
1189,2019-06-18,2019-06-20,2,0.0116,0.0116,0.002,0.828,MEDIUM (partial recovery — ambiguous)
1189,2019-06-20,2019-06-20,0,0.002,0.0116,0.0052,0.552,MEDIUM (track ends after drop — no later data to confirm)
1193,2019-06-20,2019-06-20,0,0.0062,0.012,0.0036,0.7,MEDIUM (track ends after drop — no later data to confirm)
1214,2019-06-20,2019-06-20,0,0.0262,0.031,0.0023,0.926,HIGH (confirmed: stayed low in later scenes)
1214,2019-06-20,2019-07-03,13,0.0023,0.031,0.002,0.935,MEDIUM (track ends after drop — no later data to confirm)
1267,2019-06-20,2019-07-03,13,0.0105,0.0105,0.0029,0.724,MEDIUM (track ends after drop — no later data to confirm)
1276,2019-07-06,2019-07-08,2,0.0139,0.019,0.0032,0.832,MEDIUM (track ends after drop — no later data to confirm)
1321,2019-07-08,2019-07-10,2,0.0444,0.0444,0.0057,0.872,MEDIUM (track ends after drop — no later data to confirm)
1322,2019-08-24,2019-08-25,1,0.0096,0.0133,0.0037,0.722,MEDIUM (track ends after drop — no later data to confirm)
1323,2019-07-08,2019-07-10,2,0.0171,0.0171,0.0084,0.509,MEDIUM (track ends after drop — no later data to confirm)
1325,2019-07-15,2019-07-16,1,0.0265,0.0267,0.0045,0.831,MEDIUM (partial recovery — ambiguous)
1325,2019-07-16,2019-07-20,4,0.0156,0.0267,0.0043,0.839,HIGH (confirmed: stayed low in later scenes)
1325,2019-07-20,2019-07-20,0,0.0043,0.0267,0.0051,0.809,HIGH (confirmed: stayed low in later scenes)
1325,2019-07-20,2019-07-20,0,0.0051,0.0267,0.0043,0.839,MEDIUM (track ends after drop — no later data to confirm)
1328,2019-07-08,2019-07-10,2,0.0533,0.0533,0.0091,0.829,MEDIUM (track ends after drop — no later data to confirm)
1354,2019-07-31,2019-08-02,2,0.0393,0.0393,0.007,0.822,HIGH (confirmed: stayed low in later scenes)
1354,2019-08-02,2019-08-04,2,0.007,0.0393,0.0072,0.817,HIGH (confirmed: stayed low in later scenes)
1354,2019-08-04,2019-08-09,5,0.0072,0.0393,0.0075,0.809,HIGH (confirmed: stayed low in later scenes)
1354,2019-08-09,2019-08-10,1,0.0075,0.0393,0.0076,0.807,HIGH (confirmed: stayed low in later scenes)
1354,2019-08-10,2019-08-12,2,0.0076,0.0393,0.0081,0.794,HIGH (confirmed: stayed low in later scenes)
1354,2019-08-12,2019-08-20,8,0.0081,0.0393,0.0081,0.794,HIGH (confirmed: stayed low in later scenes)
1354,2019-08-20,2019-08-24,4,0.0081,0.0393,0.0056,0.858,HIGH (confirmed: stayed low in later scenes)
1354,2019-08-24,2019-08-25,1,0.0056,0.0393,0.0045,0.885,HIGH (confirmed: stayed low in later scenes)
1354,2019-08-25,2019-08-29,4,0.0045,0.0393,0.0039,0.901,HIGH (confirmed: stayed low in later scenes)
1354,2019-08-29,2019-09-01,3,0.0039,0.0393,0.0046,0.883,MEDIUM (near season end — unconfirmable)
1357,2019-07-15,2019-07-16,1,0.0412,0.0412,0.0077,0.813,HIGH (confirmed: stayed low in later scenes)
1357,2019-07-16,2019-07-16,0,0.0077,0.0412,0.0081,0.803,MEDIUM (track ends after drop — no later data to confirm)
1359,2019-07-15,2019-07-16,1,0.0809,0.0819,0.0275,0.664,HIGH (confirmed: stayed low in later scenes)
1359,2019-07-16,2019-07-16,0,0.0275,0.0819,0.0021,0.974,HIGH (confirmed: stayed low in later scenes)
1359,2019-07-16,2019-07-20,4,0.0021,0.0819,0.002,0.976,MEDIUM (track ends after drop — no later data to confirm)
1366,2019-07-03,2019-07-06,3,0.0098,0.0098,0.0042,0.571,MEDIUM (track ends after drop — no later data to confirm)
1424,2019-08-20,2019-08-24,4,0.0296,0.0367,0.0081,0.779,MEDIUM (partial recovery — ambiguous)
1424,2019-08-24,2019-08-24,0,0.0081,0.0367,0.0029,0.921,MEDIUM (partial recovery — ambiguous)
1424,2019-08-24,2019-08-24,0,0.0029,0.0367,0.0033,0.91,MEDIUM (partial recovery — ambiguous)
1424,2019-08-24,2019-08-25,1,0.0033,0.0367,0.0134,0.635,MEDIUM (track ends after drop — no later data to confirm)
1425,2019-08-24,2019-08-25,1,0.016,0.0246,0.003,0.878,MEDIUM (track ends after drop — no later data to confirm)
1427,2019-08-25,2019-08-29,4,0.2933,0.3243,0.0035,0.989,HIGH (confirmed: stayed low in later scenes)
1427,2019-08-29,2019-08-29,0,0.0035,0.3243,0.0614,0.811,HIGH (confirmed: stayed low in later scenes)
1427,2019-08-29,2019-08-29,0,0.0614,0.3243,0.002,0.994,HIGH (confirmed: stayed low in later scenes)
1427,2019-08-29,2019-08-29,0,0.002,0.3243,0.0256,0.921,HIGH (confirmed: stayed low in later scenes)
1427,2019-08-29,2019-09-01,3,0.0256,0.3243,0.0032,0.99,HIGH (confirmed: stayed low in later scenes)
1427,2019-09-01,2019-09-01,0,0.0032,0.3243,0.0142,0.956,HIGH (confirmed: stayed low in later scenes)
1427,2019-09-01,2019-09-01,0,0.0142,0.3243,0.0036,0.989,HIGH (confirmed: stayed low in later scenes)
1427,2019-09-01,2019-09-01,0,0.0036,0.3243,0.0955,0.706,HIGH (confirmed: stayed low in later scenes)
1427,2019-09-01,2019-09-09,8,0.0955,0.3243,0.0071,0.978,HIGH (confirmed: stayed low in later scenes)
1427,2019-09-09,2019-09-09,0,0.0071,0.3243,0.0025,0.992,HIGH (confirmed: stayed low in later scenes)
1427,2019-09-09,2019-09-09,0,0.0025,0.3243,0.0077,0.976,HIGH (confirmed: stayed low in later scenes)
1427,2019-09-09,2019-09-09,0,0.0077,0.3243,0.0183,0.944,MEDIUM (near season end — unconfirmable)
1429,2019-08-25,2019-08-29,4,0.2269,0.2423,0.0193,0.92,HIGH (confirmed: stayed low in later scenes)
1429,2019-08-29,2019-08-29,0,0.0193,0.2423,0.0122,0.95,HIGH (confirmed: stayed low in later scenes)
1429,2019-08-29,2019-08-29,0,0.0122,0.2423,0.0051,0.979,HIGH (confirmed: stayed low in later scenes)
1429,2019-08-29,2019-08-29,0,0.0051,0.2423,0.0023,0.991,HIGH (confirmed: stayed low in later scenes)
1429,2019-08-29,2019-08-29,0,0.0023,0.2423,0.0164,0.932,HIGH (confirmed: stayed low in later scenes)
1429,2019-08-29,2019-09-01,3,0.0164,0.2423,0.0222,0.908,HIGH (confirmed: stayed low in later scenes)
1429,2019-09-01,2019-09-01,0,0.0222,0.2423,0.0201,0.917,HIGH (confirmed: stayed low in later scenes)
1429,2019-09-01,2019-09-01,0,0.0201,0.2423,0.0249,0.897,HIGH (confirmed: stayed low in later scenes)
1429,2019-09-01,2019-09-09,8,0.0249,0.2423,0.0109,0.955,HIGH (confirmed: stayed low in later scenes)
1429,2019-09-09,2019-09-09,0,0.0109,0.2423,0.0046,0.981,HIGH (confirmed: stayed low in later scenes)
1429,2019-09-09,2019-09-09,0,0.0046,0.2423,0.0143,0.941,HIGH (confirmed: stayed low in later scenes)
1429,2019-09-09,2019-09-09,0,0.0143,0.2423,0.0191,0.921,MEDIUM (near season end — unconfirmable)
1431,2019-08-25,2019-08-29,4,0.1598,0.165,0.0581,0.648,MEDIUM (partial recovery — ambiguous)
1431,2019-08-29,2019-08-29,0,0.0581,0.165,0.0166,0.899,MEDIUM (partial recovery — ambiguous)
1431,2019-08-29,2019-09-01,3,0.0166,0.165,0.0631,0.618,HIGH (confirmed: stayed low in later scenes)
1431,2019-09-01,2019-09-01,0,0.0631,0.165,0.002,0.988,HIGH (confirmed: stayed low in later scenes)
1431,2019-09-01,2019-09-09,8,0.002,0.165,0.0032,0.981,HIGH (confirmed: stayed low in later scenes)
1431,2019-09-09,2019-09-09,0,0.0032,0.165,0.0221,0.866,HIGH (confirmed: stayed low in later scenes)
1431,2019-09-09,2019-09-09,0,0.0221,0.165,0.0034,0.979,MEDIUM (near season end — unconfirmable)
1432,2019-09-01,2019-09-09,8,0.0281,0.0362,0.0025,0.931,MEDIUM (near season end — unconfirmable)
1449,2019-08-02,2019-08-02,0,0.5327,0.6621,0.0021,0.997,MEDIUM (track ends after drop — no later data to confirm)
1460,2019-07-10,2019-07-11,1,0.0342,0.0526,0.0073,0.861,MEDIUM (partial recovery — ambiguous)
1460,2019-07-11,2019-07-11,0,0.0073,0.0526,0.0054,0.897,MEDIUM (partial recovery — ambiguous)
1460,2019-07-11,2019-07-11,0,0.0054,0.0526,0.0204,0.612,MEDIUM (track ends after drop — no later data to confirm)
1465,2019-07-11,2019-07-15,4,0.4248,0.444,0.0023,0.995,MEDIUM (partial recovery — ambiguous)
1465,2019-07-15,2019-07-15,0,0.0023,0.444,0.0398,0.91,MEDIUM (partial recovery — ambiguous)
1465,2019-07-15,2019-07-15,0,0.0398,0.444,0.1541,0.653,HIGH (confirmed: stayed low in later scenes)
1465,2019-07-15,2019-07-15,0,0.1541,0.444,0.0045,0.99,HIGH (confirmed: stayed low in later scenes)
1465,2019-07-15,2019-07-15,0,0.0045,0.444,0.0125,0.972,HIGH (confirmed: stayed low in later scenes)
1465,2019-07-15,2019-07-15,0,0.0125,0.444,0.0046,0.99,MEDIUM (track ends after drop — no later data to confirm)
1470,2019-07-06,2019-07-08,2,0.0206,0.0206,0.0064,0.689,MEDIUM (track ends after drop — no later data to confirm)
1475,2019-07-20,2019-07-21,1,0.0114,0.0209,0.0083,0.603,MEDIUM (partial recovery — ambiguous)
1498,2019-07-06,2019-07-08,2,0.0561,0.0561,0.0026,0.954,MEDIUM (track ends after drop — no later data to confirm)
1507,2019-07-08,2019-07-10,2,0.0349,0.0349,0.0042,0.88,HIGH (confirmed: stayed low in later scenes)
1507,2019-07-10,2019-07-10,0,0.0042,0.0349,0.0096,0.725,MEDIUM (track ends after drop — no later data to confirm)
1510,2019-07-08,2019-07-10,2,0.0042,0.0042,0.002,0.524,MEDIUM (track ends after drop — no later data to confirm)
1577,2019-08-25,2019-08-29,4,0.0699,0.1069,0.0284,0.734,MEDIUM (partial recovery — ambiguous)
1577,2019-08-29,2019-08-29,0,0.0284,0.1069,0.0046,0.957,MEDIUM (partial recovery — ambiguous)
1577,2019-08-29,2019-09-01,3,0.0046,0.1069,0.0438,0.59,MEDIUM (partial recovery — ambiguous)
1590,2019-07-08,2019-07-10,2,0.0075,0.0075,0.002,0.733,MEDIUM (track ends after drop — no later data to confirm)
1616,2019-07-21,2019-07-23,2,0.0172,0.0172,0.0025,0.855,MEDIUM (partial recovery — ambiguous)
1616,2019-07-23,2019-07-23,0,0.0025,0.0172,0.002,0.884,MEDIUM (partial recovery — ambiguous)
1616,2019-07-23,2019-07-23,0,0.002,0.0172,0.0074,0.57,MEDIUM (partial recovery — ambiguous)
1616,2019-07-23,2019-07-31,8,0.0074,0.0172,0.0071,0.587,MEDIUM (partial recovery — ambiguous)
1616,2019-07-31,2019-08-02,2,0.0071,0.0172,0.0083,0.517,MEDIUM (partial recovery — ambiguous)
1616,2019-08-02,2019-08-04,2,0.0083,0.0172,0.0077,0.552,HIGH (confirmed: stayed low in later scenes)
1616,2019-08-04,2019-08-09,5,0.0077,0.0172,0.004,0.767,HIGH (confirmed: stayed low in later scenes)
1616,2019-08-09,2019-08-10,1,0.004,0.0172,0.005,0.709,HIGH (confirmed: stayed low in later scenes)
1616,2019-08-10,2019-08-12,2,0.005,0.0172,0.0033,0.808,HIGH (confirmed: stayed low in later scenes)
1616,2019-08-12,2019-08-20,8,0.0033,0.0172,0.0024,0.86,MEDIUM (track ends after drop — no later data to confirm)
1632,2019-07-16,2019-07-20,4,0.4637,0.4637,0.0168,0.964,HIGH (confirmed: stayed low in later scenes)
1632,2019-07-20,2019-07-20,0,0.0168,0.4637,0.0028,0.994,HIGH (confirmed: stayed low in later scenes)
1632,2019-07-20,2019-07-20,0,0.0028,0.4637,0.0033,0.993,HIGH (confirmed: stayed low in later scenes)
1632,2019-07-20,2019-07-20,0,0.0033,0.4637,0.0344,0.926,HIGH (confirmed: stayed low in later scenes)
1632,2019-07-20,2019-07-20,0,0.0344,0.4637,0.0127,0.973,MEDIUM (track ends after drop — no later data to confirm)
1634,2019-07-21,2019-07-23,2,0.0481,0.0481,0.0036,0.925,MEDIUM (track ends after drop — no later data to confirm)
1659,2019-07-10,2019-07-11,1,0.213,0.213,0.0131,0.938,MEDIUM (partial recovery — ambiguous)
1659,2019-07-11,2019-07-11,0,0.0131,0.213,0.0021,0.99,MEDIUM (partial recovery — ambiguous)
1659,2019-07-11,2019-07-15,4,0.0021,0.213,0.0441,0.793,MEDIUM (partial recovery — ambiguous)
1659,2019-07-15,2019-07-16,1,0.0441,0.213,0.0868,0.592,MEDIUM (partial recovery — ambiguous)
1659,2019-07-16,2019-07-20,4,0.0868,0.213,0.1009,0.526,MEDIUM (track ends after drop — no later data to confirm)
1683,2019-07-08,2019-07-10,2,0.0046,0.0046,0.0022,0.522,MEDIUM (track ends after drop — no later data to confirm)
1743,2019-08-12,2019-08-20,8,0.0281,0.0321,0.0051,0.841,MEDIUM (track ends after drop — no later data to confirm)
1745,2019-08-25,2019-08-29,4,0.0445,0.0516,0.0064,0.876,HIGH (confirmed: stayed low in later scenes)
1745,2019-08-29,2019-08-29,0,0.0064,0.0516,0.0022,0.957,MEDIUM (track ends after drop — no later data to confirm)
1750,2019-08-10,2019-08-12,2,0.0232,0.0328,0.0114,0.652,MEDIUM (track ends after drop — no later data to confirm)
1752,2019-07-15,2019-07-16,1,0.0101,0.0101,0.0033,0.673,MEDIUM (partial recovery — ambiguous)
1752,2019-07-16,2019-07-20,4,0.0033,0.0101,0.0046,0.545,HIGH (confirmed: stayed low in later scenes)
1752,2019-07-20,2019-07-21,1,0.0046,0.0101,0.0029,0.713,HIGH (confirmed: stayed low in later scenes)
1752,2019-07-21,2019-07-23,2,0.0029,0.0101,0.0024,0.762,HIGH (confirmed: stayed low in later scenes)
1752,2019-07-23,2019-07-31,8,0.0024,0.0101,0.0027,0.733,MEDIUM (track ends after drop — no later data to confirm)
1753,2019-07-21,2019-07-23,2,0.0069,0.0112,0.0036,0.679,MEDIUM (partial recovery — ambiguous)
1753,2019-07-23,2019-07-31,8,0.0036,0.0112,0.0052,0.536,MEDIUM (track ends after drop — no later data to confirm)
1754,2019-08-25,2019-08-29,4,0.0378,0.0482,0.011,0.772,HIGH (confirmed: stayed low in later scenes)
1754,2019-08-29,2019-08-29,0,0.011,0.0482,0.0042,0.913,HIGH (confirmed: stayed low in later scenes)
1754,2019-08-29,2019-08-29,0,0.0042,0.0482,0.0039,0.919,MEDIUM (track ends after drop — no later data to confirm)
1768,2019-08-25,2019-08-29,4,0.03,0.0328,0.0149,0.546,HIGH (confirmed: stayed low in later scenes)
1768,2019-08-29,2019-09-01,3,0.0149,0.0328,0.0031,0.905,MEDIUM (near season end — unconfirmable)
1786,2019-07-16,2019-07-20,4,0.0257,0.0407,0.0174,0.572,MEDIUM (partial recovery — ambiguous)
1790,2019-08-10,2019-08-12,2,0.0157,0.0202,0.009,0.554,MEDIUM (track ends after drop — no later data to confirm)
1791,2019-08-10,2019-08-12,2,0.0148,0.0165,0.0074,0.552,MEDIUM (track ends after drop — no later data to confirm)
1794,2019-07-20,2019-07-21,1,0.0107,0.011,0.0029,0.736,MEDIUM (track ends after drop — no later data to confirm)
1797,2019-08-20,2019-08-24,4,0.0276,0.0341,0.009,0.736,MEDIUM (partial recovery — ambiguous)
1797,2019-08-24,2019-08-24,0,0.009,0.0341,0.0028,0.918,MEDIUM (partial recovery — ambiguous)
1797,2019-08-24,2019-08-25,1,0.0028,0.0341,0.0151,0.557,MEDIUM (track ends after drop — no later data to confirm)
1802,2019-08-25,2019-08-29,4,0.0416,0.0466,0.0145,0.689,MEDIUM (track ends after drop — no later data to confirm)
1809,2019-08-10,2019-08-12,2,0.0116,0.0191,0.0082,0.571,MEDIUM (partial recovery — ambiguous)
1809,2019-08-12,2019-08-20,8,0.0082,0.0191,0.0085,0.555,MEDIUM (partial recovery — ambiguous)
1809,2019-08-24,2019-08-25,1,0.0097,0.0191,0.0088,0.539,MEDIUM (track ends after drop — no later data to confirm)
1812,2019-07-31,2019-07-31,0,0.2522,0.3035,0.0156,0.949,HIGH (confirmed: stayed low in later scenes)
1812,2019-07-31,2019-08-02,2,0.0156,0.3035,0.0046,0.985,HIGH (confirmed: stayed low in later scenes)
1812,2019-08-02,2019-08-02,0,0.0046,0.3035,0.0024,0.992,HIGH (confirmed: stayed low in later scenes)
1812,2019-08-02,2019-08-02,0,0.0024,0.3035,0.0237,0.922,MEDIUM (track ends after drop — no later data to confirm)
1817,2019-07-15,2019-07-16,1,0.0144,0.0144,0.0044,0.694,MEDIUM (partial recovery — ambiguous)
1822,2019-08-24,2019-08-25,1,0.0578,0.0696,0.0331,0.524,HIGH (confirmed: stayed low in later scenes)
1822,2019-08-25,2019-08-29,4,0.0331,0.0696,0.0123,0.823,HIGH (confirmed: stayed low in later scenes)
1822,2019-08-29,2019-09-01,3,0.0123,0.0696,0.0065,0.907,MEDIUM (near season end — unconfirmable)
1829,2019-08-04,2019-08-09,5,0.1287,0.1697,0.0238,0.86,MEDIUM (partial recovery — ambiguous)
1829,2019-08-09,2019-08-09,0,0.0238,0.1697,0.0047,0.972,MEDIUM (partial recovery — ambiguous)
1829,2019-08-09,2019-08-09,0,0.0047,0.1697,0.0186,0.89,MEDIUM (partial recovery — ambiguous)
1829,2019-08-09,2019-08-10,1,0.0186,0.1697,0.0603,0.645,HIGH (confirmed: stayed low in later scenes)
1829,2019-08-10,2019-08-10,0,0.0603,0.1697,0.0031,0.982,HIGH (confirmed: stayed low in later scenes)
1829,2019-08-10,2019-08-12,2,0.0031,0.1697,0.0026,0.985,HIGH (confirmed: stayed low in later scenes)
1829,2019-08-12,2019-08-12,0,0.0026,0.1697,0.0064,0.962,HIGH (confirmed: stayed low in later scenes)
1829,2019-08-12,2019-08-20,8,0.0064,0.1697,0.0028,0.984,MEDIUM (track ends after drop — no later data to confirm)
1834,2019-08-24,2019-08-25,1,0.0414,0.0532,0.0236,0.556,MEDIUM (partial recovery — ambiguous)
1834,2019-08-25,2019-08-29,4,0.0236,0.0532,0.0168,0.684,MEDIUM (track ends after drop — no later data to confirm)
1836,2019-08-25,2019-08-29,4,0.1509,0.1601,0.0787,0.508,HIGH (confirmed: stayed low in later scenes)
1836,2019-08-29,2019-08-29,0,0.0787,0.1601,0.0046,0.971,MEDIUM (track ends after drop — no later data to confirm)
1837,2019-08-25,2019-08-29,4,0.0748,0.0801,0.0023,0.971,MEDIUM (partial recovery — ambiguous)
1837,2019-08-29,2019-08-29,0,0.0023,0.0801,0.0256,0.68,MEDIUM (track ends after drop — no later data to confirm)
1838,2019-08-10,2019-08-12,2,0.0062,0.0096,0.0034,0.646,HIGH (confirmed: stayed low in later scenes)
1838,2019-08-12,2019-08-20,8,0.0034,0.0096,0.0028,0.708,MEDIUM (track ends after drop — no later data to confirm)
1839,2019-08-20,2019-08-20,0,0.0538,0.0807,0.0117,0.855,MEDIUM (partial recovery — ambiguous)
1839,2019-08-24,2019-08-24,0,0.0542,0.0807,0.0087,0.892,MEDIUM (partial recovery — ambiguous)
1839,2019-08-25,2019-08-25,0,0.0412,0.0807,0.0105,0.87,HIGH (confirmed: stayed low in later scenes)
1839,2019-08-25,2019-08-29,4,0.0105,0.0807,0.0227,0.719,MEDIUM (track ends after drop — no later data to confirm)
1840,2019-08-25,2019-08-29,4,0.0699,0.073,0.0292,0.6,MEDIUM (track ends after drop — no later data to confirm)
1852,2019-07-15,2019-07-16,1,0.008,0.008,0.0027,0.662,MEDIUM (track ends after drop — no later data to confirm)
1854,2019-07-20,2019-07-21,1,0.0044,0.0057,0.0028,0.509,MEDIUM (track ends after drop — no later data to confirm)
1855,2019-08-24,2019-08-25,1,0.0415,0.0475,0.0065,0.863,HIGH (confirmed: stayed low in later scenes)
1855,2019-08-25,2019-08-25,0,0.0065,0.0475,0.0043,0.909,HIGH (confirmed: stayed low in later scenes)
1855,2019-08-25,2019-08-29,4,0.0043,0.0475,0.0055,0.884,MEDIUM (track ends after drop — no later data to confirm)
1856,2019-07-15,2019-07-16,1,0.0193,0.0193,0.0029,0.85,HIGH (confirmed: stayed low in later scenes)
1856,2019-07-16,2019-07-20,4,0.0029,0.0193,0.0027,0.86,MEDIUM (track ends after drop — no later data to confirm)
1857,2019-08-04,2019-08-09,5,0.0255,0.0424,0.0103,0.757,MEDIUM (partial recovery — ambiguous)
1857,2019-08-09,2019-08-09,0,0.0103,0.0424,0.003,0.929,MEDIUM (partial recovery — ambiguous)
1857,2019-08-09,2019-08-09,0,0.003,0.0424,0.0094,0.778,MEDIUM (partial recovery — ambiguous)
1857,2019-08-10,2019-08-12,2,0.0283,0.0424,0.0058,0.863,HIGH (confirmed: stayed low in later scenes)
1857,2019-08-12,2019-08-20,8,0.0058,0.0424,0.0021,0.95,MEDIUM (track ends after drop — no later data to confirm)
1861,2019-08-25,2019-08-29,4,0.01,0.0116,0.004,0.655,MEDIUM (track ends after drop — no later data to confirm)
1862,2019-08-25,2019-08-29,4,0.0064,0.0077,0.002,0.74,MEDIUM (track ends after drop — no later data to confirm)
1867,2019-08-25,2019-08-29,4,0.036,0.0598,0.0072,0.88,HIGH (confirmed: stayed low in later scenes)
1867,2019-08-29,2019-08-29,0,0.0072,0.0598,0.0111,0.814,MEDIUM (track ends after drop — no later data to confirm)
1878,2019-07-15,2019-07-16,1,0.0398,0.0398,0.0133,0.666,HIGH (confirmed: stayed low in later scenes)
1878,2019-07-16,2019-07-20,4,0.0133,0.0398,0.0037,0.907,HIGH (confirmed: stayed low in later scenes)
1878,2019-07-20,2019-07-21,1,0.0037,0.0398,0.0044,0.889,HIGH (confirmed: stayed low in later scenes)
1878,2019-07-21,2019-07-23,2,0.0044,0.0398,0.0037,0.907,HIGH (confirmed: stayed low in later scenes)
1878,2019-07-23,2019-07-31,8,0.0037,0.0398,0.0039,0.902,MEDIUM (track ends after drop — no later data to confirm)
1882,2019-08-24,2019-08-25,1,0.0176,0.0253,0.0107,0.577,MEDIUM (track ends after drop — no later data to confirm)
1885,2019-09-01,2019-09-09,8,0.0269,0.0282,0.0052,0.816,MEDIUM (near season end — unconfirmable)
1887,2019-08-04,2019-08-09,5,0.0049,0.0072,0.002,0.722,MEDIUM (partial recovery — ambiguous)
1887,2019-08-09,2019-08-10,1,0.002,0.0072,0.0022,0.694,MEDIUM (track ends after drop — no later data to confirm)
1890,2019-09-01,2019-09-09,8,0.0311,0.0407,0.0117,0.713,MEDIUM (near season end — unconfirmable)
1897,2019-08-29,2019-09-01,3,0.0473,0.0874,0.0173,0.802,MEDIUM (near season end — unconfirmable)
1905,2019-08-25,2019-08-29,4,0.0313,0.0443,0.0197,0.555,MEDIUM (track ends after drop — no later data to confirm)
1909,2019-08-25,2019-08-29,4,0.0104,0.013,0.0031,0.762,MEDIUM (track ends after drop — no later data to confirm)
1916,2019-08-25,2019-08-29,4,0.049,0.0533,0.0198,0.629,HIGH (confirmed: stayed low in later scenes)
1916,2019-08-29,2019-09-01,3,0.0198,0.0533,0.011,0.794,MEDIUM (near season end — unconfirmable)
1917,2019-08-25,2019-08-29,4,0.1144,0.1175,0.0131,0.889,MEDIUM (partial recovery — ambiguous)
1917,2019-08-29,2019-08-29,0,0.0131,0.1175,0.0203,0.827,MEDIUM (partial recovery — ambiguous)
1917,2019-08-29,2019-08-29,0,0.0203,0.1175,0.0029,0.975,MEDIUM (partial recovery — ambiguous)
1917,2019-08-29,2019-09-01,3,0.0029,0.1175,0.0439,0.626,MEDIUM (partial recovery — ambiguous)
1920,2019-07-16,2019-07-20,4,0.0037,0.0062,0.0023,0.629,MEDIUM (partial recovery — ambiguous)
1923,2019-08-25,2019-08-29,4,0.0427,0.05,0.003,0.94,MEDIUM (track ends after drop — no later data to confirm)
1928,2019-08-25,2019-08-29,4,0.0342,0.0383,0.0094,0.755,MEDIUM (track ends after drop — no later data to confirm)
1931,2019-08-29,2019-09-01,3,0.0904,0.1572,0.064,0.593,MEDIUM (near season end — unconfirmable)
1944,2019-07-15,2019-07-16,1,0.0049,0.0049,0.002,0.592,MEDIUM (partial recovery — ambiguous)
1944,2019-07-16,2019-07-20,4,0.002,0.0049,0.0023,0.531,MEDIUM (partial recovery — ambiguous)
1946,2019-07-15,2019-07-16,1,0.0182,0.0182,0.0064,0.648,HIGH (confirmed: stayed low in later scenes)
1946,2019-07-16,2019-07-20,4,0.0064,0.0182,0.005,0.725,MEDIUM (track ends after drop — no later data to confirm)
1959,2019-07-20,2019-07-21,1,0.0048,0.0048,0.002,0.583,MEDIUM (partial recovery — ambiguous)
1959,2019-07-21,2019-07-21,0,0.002,0.0048,0.0024,0.5,MEDIUM (track ends after drop — no later data to confirm)
1961,2019-07-21,2019-07-23,2,0.0097,0.0133,0.0041,0.692,MEDIUM (partial recovery — ambiguous)
1964,2019-07-31,2019-08-02,2,0.0139,0.0139,0.0031,0.777,HIGH (confirmed: stayed low in later scenes)
1964,2019-08-02,2019-08-04,2,0.0031,0.0139,0.0039,0.719,MEDIUM (track ends after drop — no later data to confirm)
2000,2019-07-15,2019-07-16,1,0.0265,0.0265,0.0021,0.921,HIGH (confirmed: stayed low in later scenes)
2000,2019-07-16,2019-07-20,4,0.0021,0.0265,0.0027,0.898,MEDIUM (track ends after drop — no later data to confirm)
2056,2019-07-15,2019-07-16,1,0.011,0.011,0.0038,0.655,MEDIUM (partial recovery — ambiguous)
2061,2019-07-20,2019-07-20,0,0.0054,0.0081,0.0024,0.704,MEDIUM (track ends after drop — no later data to confirm)
2064,2019-07-15,2019-07-16,1,0.0151,0.0151,0.0064,0.576,MEDIUM (partial recovery — ambiguous)
2079,2019-07-20,2019-07-21,1,0.0115,0.0115,0.0026,0.774,MEDIUM (track ends after drop — no later data to confirm)
2081,2019-07-23,2019-07-31,8,0.0367,0.0551,0.0025,0.955,MEDIUM (partial recovery — ambiguous)
2081,2019-07-31,2019-07-31,0,0.0025,0.0551,0.0089,0.838,MEDIUM (partial recovery — ambiguous)
2081,2019-07-31,2019-08-02,2,0.0089,0.0551,0.002,0.964,MEDIUM (partial recovery — ambiguous)
2081,2019-08-02,2019-08-02,0,0.002,0.0551,0.007,0.873,MEDIUM (partial recovery — ambiguous)
2081,2019-08-02,2019-08-04,2,0.007,0.0551,0.0065,0.882,MEDIUM (partial recovery — ambiguous)
2081,2019-08-04,2019-08-09,5,0.0065,0.0551,0.0064,0.884,MEDIUM (partial recovery — ambiguous)
2081,2019-08-09,2019-08-10,1,0.0064,0.0551,0.0033,0.94,MEDIUM (partial recovery — ambiguous)
2081,2019-08-10,2019-08-10,0,0.0033,0.0551,0.004,0.927,MEDIUM (partial recovery — ambiguous)
2081,2019-08-10,2019-08-12,2,0.004,0.0551,0.0067,0.878,MEDIUM (partial recovery — ambiguous)
2081,2019-08-12,2019-08-20,8,0.0067,0.0551,0.0083,0.849,MEDIUM (partial recovery — ambiguous)
2081,2019-08-20,2019-08-24,4,0.0083,0.0551,0.0098,0.822,MEDIUM (partial recovery — ambiguous)
2081,2019-08-24,2019-08-25,1,0.0098,0.0551,0.0087,0.842,MEDIUM (partial recovery — ambiguous)
2081,2019-08-25,2019-08-29,4,0.0087,0.0551,0.0127,0.77,MEDIUM (partial recovery — ambiguous)
2081,2019-08-29,2019-09-01,3,0.0127,0.0551,0.0177,0.679,MEDIUM (near season end — unconfirmable)
2089,2019-07-21,2019-07-23,2,0.0086,0.0086,0.0034,0.605,MEDIUM (partial recovery — ambiguous)
2089,2019-07-23,2019-07-31,8,0.0034,0.0086,0.0039,0.547,MEDIUM (track ends after drop — no later data to confirm)
2092,2019-07-21,2019-07-23,2,0.0086,0.0086,0.004,0.535,MEDIUM (partial recovery — ambiguous)
2092,2019-07-23,2019-07-31,8,0.004,0.0086,0.0021,0.756,MEDIUM (partial recovery — ambiguous)
2103,2019-07-21,2019-07-23,2,0.0144,0.0148,0.0044,0.703,MEDIUM (partial recovery — ambiguous)
2103,2019-07-23,2019-07-23,0,0.0044,0.0148,0.0046,0.689,MEDIUM (partial recovery — ambiguous)
2103,2019-07-23,2019-07-31,8,0.0046,0.0148,0.003,0.797,MEDIUM (partial recovery — ambiguous)
2103,2019-07-31,2019-08-02,2,0.003,0.0148,0.0053,0.642,MEDIUM (partial recovery — ambiguous)
2103,2019-08-02,2019-08-04,2,0.0053,0.0148,0.005,0.662,MEDIUM (partial recovery — ambiguous)
2103,2019-08-04,2019-08-09,5,0.005,0.0148,0.0047,0.682,HIGH (confirmed: stayed low in later scenes)
2103,2019-08-09,2019-08-10,1,0.0047,0.0148,0.0044,0.703,MEDIUM (track ends after drop — no later data to confirm)
2108,2019-07-21,2019-07-23,2,0.3242,0.3242,0.0133,0.959,HIGH (confirmed: stayed low in later scenes)
2108,2019-07-23,2019-07-23,0,0.0133,0.3242,0.0423,0.87,MEDIUM (track ends after drop — no later data to confirm)
2114,2019-07-16,2019-07-20,4,0.006,0.006,0.0026,0.567,MEDIUM (track ends after drop — no later data to confirm)
2153,2019-07-20,2019-07-21,1,0.0183,0.0183,0.0024,0.869,MEDIUM (partial recovery — ambiguous)
2153,2019-07-21,2019-07-23,2,0.0024,0.0183,0.0075,0.59,MEDIUM (track ends after drop — no later data to confirm)
2154,2019-07-21,2019-07-23,2,0.0087,0.0087,0.0031,0.644,HIGH (confirmed: stayed low in later scenes)
2154,2019-07-23,2019-07-23,0,0.0031,0.0087,0.0021,0.759,MEDIUM (track ends after drop — no later data to confirm)
2155,2019-07-20,2019-07-21,1,0.0287,0.0287,0.0133,0.537,MEDIUM (track ends after drop — no later data to confirm)
2167,2019-07-21,2019-07-23,2,0.0048,0.0058,0.0022,0.621,MEDIUM (track ends after drop — no later data to confirm)
2176,2019-07-20,2019-07-21,1,0.0091,0.0091,0.0026,0.714,MEDIUM (track ends after drop — no later data to confirm)
2190,2019-07-21,2019-07-23,2,0.0045,0.0045,0.002,0.556,MEDIUM (track ends after drop — no later data to confirm)
2241,2019-07-21,2019-07-23,2,0.0161,0.0161,0.0077,0.522,MEDIUM (track ends after drop — no later data to confirm)
2246,2019-08-12,2019-08-20,8,0.0921,0.1119,0.0373,0.667,MEDIUM (partial recovery — ambiguous)
2246,2019-08-20,2019-08-20,0,0.0373,0.1119,0.0023,0.979,MEDIUM (partial recovery — ambiguous)
2246,2019-08-20,2019-08-24,4,0.0023,0.1119,0.046,0.589,HIGH (confirmed: stayed low in later scenes)
2246,2019-08-24,2019-08-24,0,0.046,0.1119,0.0028,0.975,MEDIUM (track ends after drop — no later data to confirm)
2270,2019-08-10,2019-08-12,2,0.0058,0.0082,0.003,0.634,MEDIUM (partial recovery — ambiguous)
2282,2019-08-09,2019-08-10,1,0.0101,0.0101,0.0032,0.683,MEDIUM (partial recovery — ambiguous)
2282,2019-08-10,2019-08-10,0,0.0032,0.0101,0.0044,0.564,MEDIUM (track ends after drop — no later data to confirm)
2284,2019-08-10,2019-08-12,2,0.0047,0.0055,0.002,0.636,MEDIUM (track ends after drop — no later data to confirm)
2286,2019-08-24,2019-08-25,1,0.029,0.04,0.0173,0.568,HIGH (confirmed: stayed low in later scenes)
2286,2019-08-25,2019-08-29,4,0.0173,0.04,0.0113,0.718,MEDIUM (track ends after drop — no later data to confirm)
2287,2019-08-25,2019-08-29,4,0.0595,0.0801,0.0345,0.569,MEDIUM (partial recovery — ambiguous)
2287,2019-08-29,2019-09-01,3,0.0345,0.0801,0.0131,0.836,MEDIUM (partial recovery — ambiguous)
2287,2019-09-01,2019-09-01,0,0.0131,0.0801,0.0022,0.973,MEDIUM (partial recovery — ambiguous)
2287,2019-09-01,2019-09-09,8,0.0022,0.0801,0.0252,0.685,MEDIUM (near season end — unconfirmable)
2291,2019-08-25,2019-08-29,4,0.0265,0.0292,0.0062,0.788,MEDIUM (partial recovery — ambiguous)
2291,2019-08-29,2019-09-01,3,0.0062,0.0292,0.0086,0.705,MEDIUM (partial recovery — ambiguous)
2291,2019-09-01,2019-09-09,8,0.0086,0.0292,0.0113,0.613,MEDIUM (near season end — unconfirmable)
2296,2019-08-25,2019-08-29,4,0.018,0.0257,0.0027,0.895,MEDIUM (partial recovery — ambiguous)
2296,2019-08-29,2019-09-01,3,0.0027,0.0257,0.0111,0.568,MEDIUM (partial recovery — ambiguous)
2296,2019-09-01,2019-09-09,8,0.0111,0.0257,0.0111,0.568,MEDIUM (near season end — unconfirmable)
2298,2019-08-25,2019-08-29,4,0.0165,0.018,0.0032,0.822,MEDIUM (track ends after drop — no later data to confirm)
2306,2019-08-12,2019-08-20,8,0.0358,0.0404,0.0048,0.881,HIGH (confirmed: stayed low in later scenes)
2306,2019-08-20,2019-08-20,0,0.0048,0.0404,0.0044,0.891,HIGH (confirmed: stayed low in later scenes)
2306,2019-08-20,2019-08-24,4,0.0044,0.0404,0.0068,0.832,HIGH (confirmed: stayed low in later scenes)
2306,2019-08-24,2019-08-24,0,0.0068,0.0404,0.0093,0.77,MEDIUM (track ends after drop — no later data to confirm)
2308,2019-08-20,2019-08-24,4,0.1927,0.2085,0.002,0.99,HIGH (confirmed: stayed low in later scenes)
2308,2019-08-24,2019-08-24,0,0.002,0.2085,0.0254,0.878,HIGH (confirmed: stayed low in later scenes)
2308,2019-08-24,2019-08-24,0,0.0254,0.2085,0.0041,0.98,HIGH (confirmed: stayed low in later scenes)
2308,2019-08-24,2019-08-24,0,0.0041,0.2085,0.0024,0.988,HIGH (confirmed: stayed low in later scenes)
2308,2019-08-24,2019-08-25,1,0.0024,0.2085,0.0044,0.979,HIGH (confirmed: stayed low in later scenes)
2308,2019-08-25,2019-08-25,0,0.0044,0.2085,0.0032,0.985,HIGH (confirmed: stayed low in later scenes)
2308,2019-08-25,2019-08-29,4,0.0032,0.2085,0.0196,0.906,HIGH (confirmed: stayed low in later scenes)
2308,2019-08-29,2019-09-01,3,0.0196,0.2085,0.0045,0.978,HIGH (confirmed: stayed low in later scenes)
2308,2019-09-01,2019-09-01,0,0.0045,0.2085,0.0097,0.953,HIGH (confirmed: stayed low in later scenes)
2308,2019-09-01,2019-09-09,8,0.0097,0.2085,0.0039,0.981,HIGH (confirmed: stayed low in later scenes)
2308,2019-09-09,2019-09-09,0,0.0039,0.2085,0.0097,0.953,MEDIUM (near season end — unconfirmable)
2327,2019-08-02,2019-08-02,0,0.0757,0.1287,0.0034,0.974,HIGH (confirmed: stayed low in later scenes)
2327,2019-08-02,2019-08-04,2,0.0034,0.1287,0.0249,0.807,HIGH (confirmed: stayed low in later scenes)
2327,2019-08-04,2019-08-04,0,0.0249,0.1287,0.0033,0.974,HIGH (confirmed: stayed low in later scenes)
2327,2019-08-04,2019-08-09,5,0.0033,0.1287,0.0022,0.983,MEDIUM (track ends after drop — no later data to confirm)
2329,2019-08-20,2019-08-24,4,0.2162,0.2162,0.0155,0.928,HIGH (confirmed: stayed low in later scenes)
2329,2019-08-24,2019-08-25,1,0.0155,0.2162,0.0028,0.987,HIGH (confirmed: stayed low in later scenes)
2329,2019-08-25,2019-08-25,0,0.0028,0.2162,0.0034,0.984,HIGH (confirmed: stayed low in later scenes)
2329,2019-08-25,2019-08-29,4,0.0034,0.2162,0.0041,0.981,HIGH (confirmed: stayed low in later scenes)
2329,2019-08-29,2019-08-29,0,0.0041,0.2162,0.0052,0.976,HIGH (confirmed: stayed low in later scenes)
2329,2019-08-29,2019-09-01,3,0.0052,0.2162,0.0038,0.982,HIGH (confirmed: stayed low in later scenes)
2329,2019-09-01,2019-09-01,0,0.0038,0.2162,0.0059,0.973,HIGH (confirmed: stayed low in later scenes)
2329,2019-09-01,2019-09-09,8,0.0059,0.2162,0.0045,0.979,HIGH (confirmed: stayed low in later scenes)
2329,2019-09-09,2019-09-09,0,0.0045,0.2162,0.0049,0.977,MEDIUM (near season end — unconfirmable)
2331,2019-08-25,2019-08-29,4,0.0375,0.0412,0.0098,0.762,MEDIUM (partial recovery — ambiguous)
2331,2019-08-29,2019-09-01,3,0.0098,0.0412,0.0151,0.633,HIGH (confirmed: stayed low in later scenes)
2331,2019-09-01,2019-09-09,8,0.0151,0.0412,0.0123,0.701,MEDIUM (near season end — unconfirmable)
2334,2019-08-04,2019-08-09,5,0.0781,0.1017,0.0032,0.969,HIGH (confirmed: stayed low in later scenes)
2334,2019-08-09,2019-08-10,1,0.0032,0.1017,0.0148,0.854,HIGH (confirmed: stayed low in later scenes)
2334,2019-08-10,2019-08-12,2,0.0148,0.1017,0.0034,0.967,HIGH (confirmed: stayed low in later scenes)
2334,2019-08-12,2019-08-20,8,0.0034,0.1017,0.0262,0.742,MEDIUM (track ends after drop — no later data to confirm)
2339,2019-08-25,2019-08-29,4,0.1041,0.1663,0.0021,0.987,MEDIUM (track ends after drop — no later data to confirm)
2346,2019-08-24,2019-08-25,1,0.0102,0.0198,0.0041,0.793,MEDIUM (track ends after drop — no later data to confirm)
2347,2019-08-02,2019-08-04,2,0.0098,0.0151,0.0074,0.51,MEDIUM (partial recovery — ambiguous)
2347,2019-08-04,2019-08-09,5,0.0074,0.0151,0.0069,0.543,MEDIUM (partial recovery — ambiguous)
2347,2019-08-09,2019-08-10,1,0.0069,0.0151,0.0073,0.517,MEDIUM (partial recovery — ambiguous)
2347,2019-08-10,2019-08-12,2,0.0073,0.0151,0.0072,0.523,HIGH (confirmed: stayed low in later scenes)
2347,2019-08-12,2019-08-20,8,0.0072,0.0151,0.0024,0.841,MEDIUM (track ends after drop — no later data to confirm)
2349,2019-08-25,2019-08-29,4,0.0913,0.1095,0.008,0.927,MEDIUM (partial recovery — ambiguous)
2349,2019-08-29,2019-08-29,0,0.008,0.1095,0.0344,0.686,MEDIUM (partial recovery — ambiguous)
2349,2019-08-29,2019-09-01,3,0.0344,0.1095,0.0077,0.93,MEDIUM (partial recovery — ambiguous)
2349,2019-09-01,2019-09-01,0,0.0077,0.1095,0.015,0.863,MEDIUM (partial recovery — ambiguous)
2349,2019-09-01,2019-09-01,0,0.015,0.1095,0.022,0.799,MEDIUM (partial recovery — ambiguous)
2349,2019-09-01,2019-09-09,8,0.022,0.1095,0.0077,0.93,MEDIUM (partial recovery — ambiguous)
2349,2019-09-09,2019-09-09,0,0.0077,0.1095,0.0344,0.686,MEDIUM (near season end — unconfirmable)
2350,2019-08-12,2019-08-20,8,0.0103,0.0111,0.0053,0.523,MEDIUM (partial recovery — ambiguous)
2350,2019-08-24,2019-08-25,1,0.0062,0.0111,0.0049,0.559,MEDIUM (track ends after drop — no later data to confirm)
2354,2019-08-20,2019-08-24,4,0.1504,0.171,0.0029,0.983,MEDIUM (partial recovery — ambiguous)
2354,2019-08-24,2019-08-24,0,0.0029,0.171,0.0037,0.978,MEDIUM (partial recovery — ambiguous)
2354,2019-08-24,2019-08-24,0,0.0037,0.171,0.0708,0.586,MEDIUM (partial recovery — ambiguous)
2354,2019-08-25,2019-08-29,4,0.0995,0.171,0.0065,0.962,HIGH (confirmed: stayed low in later scenes)
2354,2019-08-29,2019-08-29,0,0.0065,0.171,0.0056,0.967,HIGH (confirmed: stayed low in later scenes)
2354,2019-08-29,2019-08-29,0,0.0056,0.171,0.0024,0.986,HIGH (confirmed: stayed low in later scenes)
2354,2019-08-29,2019-08-29,0,0.0024,0.171,0.033,0.807,HIGH (confirmed: stayed low in later scenes)
2354,2019-08-29,2019-09-01,3,0.033,0.171,0.0449,0.737,HIGH (confirmed: stayed low in later scenes)
2354,2019-09-01,2019-09-01,0,0.0449,0.171,0.0027,0.984,HIGH (confirmed: stayed low in later scenes)
2354,2019-09-01,2019-09-09,8,0.0027,0.171,0.0059,0.965,HIGH (confirmed: stayed low in later scenes)
2354,2019-09-09,2019-09-09,0,0.0059,0.171,0.0382,0.777,HIGH (confirmed: stayed low in later scenes)
2354,2019-09-09,2019-09-09,0,0.0382,0.171,0.0034,0.98,MEDIUM (near season end — unconfirmable)
2360,2019-07-31,2019-08-02,2,0.0115,0.0115,0.002,0.826,MEDIUM (partial recovery — ambiguous)
2367,2019-08-25,2019-08-29,4,0.0309,0.0359,0.0115,0.68,MEDIUM (partial recovery — ambiguous)
2367,2019-08-29,2019-09-01,3,0.0115,0.0359,0.0044,0.877,MEDIUM (partial recovery — ambiguous)
2367,2019-09-01,2019-09-09,8,0.0044,0.0359,0.0178,0.504,MEDIUM (near season end — unconfirmable)
2369,2019-09-01,2019-09-09,8,0.0149,0.0176,0.0045,0.744,MEDIUM (near season end — unconfirmable)
2378,2019-08-25,2019-08-29,4,0.0171,0.0204,0.0037,0.819,MEDIUM (track ends after drop — no later data to confirm)
2383,2019-08-12,2019-08-20,8,0.013,0.0147,0.0024,0.837,MEDIUM (track ends after drop — no later data to confirm)
2384,2019-08-20,2019-08-24,4,0.0822,0.0891,0.0062,0.93,MEDIUM (partial recovery — ambiguous)
2384,2019-08-24,2019-08-24,0,0.0062,0.0891,0.0105,0.882,MEDIUM (partial recovery — ambiguous)
2384,2019-08-24,2019-08-24,0,0.0105,0.0891,0.0116,0.87,MEDIUM (partial recovery — ambiguous)
2384,2019-08-24,2019-08-24,0,0.0116,0.0891,0.0055,0.938,MEDIUM (partial recovery — ambiguous)
2384,2019-08-25,2019-08-25,0,0.0451,0.0891,0.0025,0.972,HIGH (confirmed: stayed low in later scenes)
2384,2019-08-25,2019-08-29,4,0.0025,0.0891,0.0024,0.973,HIGH (confirmed: stayed low in later scenes)
2384,2019-08-29,2019-08-29,0,0.0024,0.0891,0.0058,0.935,HIGH (confirmed: stayed low in later scenes)
2384,2019-08-29,2019-08-29,0,0.0058,0.0891,0.0034,0.962,MEDIUM (track ends after drop — no later data to confirm)
2385,2019-08-24,2019-08-25,1,0.0185,0.0206,0.0087,0.578,MEDIUM (partial recovery — ambiguous)
2385,2019-08-25,2019-08-25,0,0.0087,0.0206,0.0094,0.544,MEDIUM (track ends after drop — no later data to confirm)
2386,2019-08-25,2019-08-29,4,0.0087,0.0099,0.002,0.798,MEDIUM (partial recovery — ambiguous)
2386,2019-08-29,2019-09-01,3,0.002,0.0099,0.0035,0.646,MEDIUM (near season end — unconfirmable)
2403,2019-07-31,2019-08-02,2,0.0339,0.0339,0.0099,0.708,HIGH (confirmed: stayed low in later scenes)
2403,2019-08-02,2019-08-02,0,0.0099,0.0339,0.0044,0.87,MEDIUM (track ends after drop — no later data to confirm)
2418,2019-07-31,2019-08-02,2,0.0085,0.0085,0.0035,0.588,MEDIUM (track ends after drop — no later data to confirm)
2430,2019-08-10,2019-08-12,2,0.0083,0.0092,0.0023,0.75,MEDIUM (track ends after drop — no later data to confirm)
2440,2019-07-31,2019-08-02,2,0.0065,0.0065,0.0021,0.677,MEDIUM (track ends after drop — no later data to confirm)
2441,2019-07-31,2019-08-02,2,0.0195,0.0195,0.008,0.59,MEDIUM (track ends after drop — no later data to confirm)
2454,2019-07-31,2019-08-02,2,0.0097,0.0097,0.0046,0.526,MEDIUM (track ends after drop — no later data to confirm)
2470,2019-07-31,2019-08-02,2,0.0315,0.0315,0.0021,0.933,HIGH (confirmed: stayed low in later scenes)
2470,2019-08-02,2019-08-02,0,0.0021,0.0315,0.0028,0.911,MEDIUM (track ends after drop — no later data to confirm)
2473,2019-07-31,2019-08-02,2,0.0355,0.0355,0.0036,0.899,HIGH (confirmed: stayed low in later scenes)
2473,2019-08-02,2019-08-02,0,0.0036,0.0355,0.0023,0.935,HIGH (confirmed: stayed low in later scenes)
2473,2019-08-02,2019-08-02,0,0.0023,0.0355,0.0021,0.941,HIGH (confirmed: stayed low in later scenes)
2473,2019-08-02,2019-08-02,0,0.0021,0.0355,0.002,0.944,MEDIUM (track ends after drop — no later data to confirm)
2476,2019-08-10,2019-08-12,2,0.0085,0.0129,0.0029,0.775,MEDIUM (track ends after drop — no later data to confirm)
2478,2019-07-31,2019-08-02,2,0.0296,0.0296,0.0026,0.912,MEDIUM (track ends after drop — no later data to confirm)
2487,2019-07-31,2019-08-02,2,0.0283,0.0283,0.0055,0.806,MEDIUM (partial recovery — ambiguous)
2487,2019-08-02,2019-08-02,0,0.0055,0.0283,0.0095,0.664,MEDIUM (track ends after drop — no later data to confirm)
2491,2019-07-31,2019-08-02,2,0.0436,0.0436,0.0112,0.743,HIGH (confirmed: stayed low in later scenes)
2491,2019-08-02,2019-08-02,0,0.0112,0.0436,0.0054,0.876,MEDIUM (track ends after drop — no later data to confirm)
2522,2019-07-31,2019-08-02,2,0.0319,0.0319,0.003,0.906,HIGH (confirmed: stayed low in later scenes)
2522,2019-08-02,2019-08-02,0,0.003,0.0319,0.002,0.937,HIGH (confirmed: stayed low in later scenes)
2522,2019-08-02,2019-08-04,2,0.002,0.0319,0.0081,0.746,MEDIUM (track ends after drop — no later data to confirm)
2538,2019-07-31,2019-08-02,2,0.0081,0.0081,0.0036,0.556,MEDIUM (partial recovery — ambiguous)
2538,2019-08-02,2019-08-04,2,0.0036,0.0081,0.0039,0.519,MEDIUM (partial recovery — ambiguous)
2538,2019-08-04,2019-08-09,5,0.0039,0.0081,0.0024,0.704,MEDIUM (partial recovery — ambiguous)
2538,2019-08-09,2019-08-10,1,0.0024,0.0081,0.0032,0.605,MEDIUM (partial recovery — ambiguous)
2538,2019-08-10,2019-08-12,2,0.0032,0.0081,0.0027,0.667,MEDIUM (track ends after drop — no later data to confirm)
2540,2019-08-12,2019-08-20,8,0.0052,0.0064,0.0026,0.594,MEDIUM (track ends after drop — no later data to confirm)
2574,2019-07-31,2019-08-02,2,0.659,0.659,0.0034,0.995,HIGH (confirmed: stayed low in later scenes)
2574,2019-08-02,2019-08-02,0,0.0034,0.659,0.002,0.997,HIGH (confirmed: stayed low in later scenes)
2574,2019-08-02,2019-08-02,0,0.002,0.659,0.0101,0.985,HIGH (confirmed: stayed low in later scenes)
2574,2019-08-02,2019-08-02,0,0.0101,0.659,0.0026,0.996,HIGH (confirmed: stayed low in later scenes)
2574,2019-08-02,2019-08-04,2,0.0026,0.659,0.0034,0.995,MEDIUM (track ends after drop — no later data to confirm)
2587,2019-08-02,2019-08-04,2,0.0119,0.0165,0.0042,0.745,HIGH (confirmed: stayed low in later scenes)
2587,2019-08-04,2019-08-04,0,0.0042,0.0165,0.0033,0.8,MEDIUM (track ends after drop — no later data to confirm)
2588,2019-07-31,2019-08-02,2,0.0508,0.0508,0.0039,0.923,MEDIUM (track ends after drop — no later data to confirm)
2619,2019-07-31,2019-08-02,2,0.0209,0.0209,0.004,0.809,MEDIUM (track ends after drop — no later data to confirm)
2623,2019-07-31,2019-08-02,2,0.02,0.02,0.002,0.9,MEDIUM (track ends after drop — no later data to confirm)
2633,2019-08-24,2019-08-25,1,0.0138,0.0162,0.0034,0.79,MEDIUM (track ends after drop — no later data to confirm)
2636,2019-08-29,2019-08-29,0,0.0396,0.0668,0.0024,0.964,MEDIUM (track ends after drop — no later data to confirm)
2641,2019-08-25,2019-08-29,4,0.0378,0.0502,0.0022,0.956,HIGH (confirmed: stayed low in later scenes)
2641,2019-08-29,2019-08-29,0,0.0022,0.0502,0.005,0.9,MEDIUM (track ends after drop — no later data to confirm)
2644,2019-08-25,2019-08-29,4,0.0478,0.0542,0.0254,0.531,MEDIUM (track ends after drop — no later data to confirm)
2645,2019-08-20,2019-08-24,4,0.009,0.01,0.0042,0.58,MEDIUM (track ends after drop — no later data to confirm)
2655,2019-08-10,2019-08-12,2,0.0389,0.0399,0.0056,0.86,MEDIUM (partial recovery — ambiguous)
2679,2019-08-02,2019-08-04,2,0.0048,0.0048,0.0021,0.562,MEDIUM (track ends after drop — no later data to confirm)
2684,2019-08-04,2019-08-09,5,0.005,0.0081,0.0034,0.58,MEDIUM (partial recovery — ambiguous)
2684,2019-08-09,2019-08-10,1,0.0034,0.0081,0.0031,0.617,MEDIUM (partial recovery — ambiguous)
2684,2019-08-10,2019-08-12,2,0.0031,0.0081,0.0034,0.58,MEDIUM (track ends after drop — no later data to confirm)
2685,2019-08-04,2019-08-09,5,0.0151,0.0151,0.0022,0.854,MEDIUM (partial recovery — ambiguous)
2685,2019-08-09,2019-08-10,1,0.0022,0.0151,0.0056,0.629,HIGH (confirmed: stayed low in later scenes)
2685,2019-08-10,2019-08-12,2,0.0056,0.0151,0.0032,0.788,MEDIUM (track ends after drop — no later data to confirm)
2693,2019-08-10,2019-08-12,2,0.0049,0.0066,0.002,0.697,MEDIUM (partial recovery — ambiguous)
2696,2019-08-25,2019-08-29,4,0.0114,0.0135,0.002,0.852,MEDIUM (track ends after drop — no later data to confirm)
2703,2019-08-04,2019-08-09,5,0.0212,0.0212,0.0045,0.788,MEDIUM (partial recovery — ambiguous)
2703,2019-08-09,2019-08-09,0,0.0045,0.0212,0.0028,0.868,MEDIUM (partial recovery — ambiguous)
2703,2019-08-09,2019-08-09,0,0.0028,0.0212,0.0035,0.835,MEDIUM (partial recovery — ambiguous)
2703,2019-08-09,2019-08-09,0,0.0035,0.0212,0.0022,0.896,MEDIUM (partial recovery — ambiguous)
2703,2019-08-09,2019-08-09,0,0.0022,0.0212,0.0057,0.731,MEDIUM (partial recovery — ambiguous)
2703,2019-08-09,2019-08-10,1,0.0057,0.0212,0.0093,0.561,MEDIUM (partial recovery — ambiguous)
2703,2019-08-10,2019-08-10,0,0.0093,0.0212,0.0028,0.868,MEDIUM (partial recovery — ambiguous)
2703,2019-08-10,2019-08-10,0,0.0028,0.0212,0.0042,0.802,MEDIUM (partial recovery — ambiguous)
2703,2019-08-10,2019-08-10,0,0.0042,0.0212,0.0032,0.849,MEDIUM (partial recovery — ambiguous)
2703,2019-08-10,2019-08-10,0,0.0032,0.0212,0.0066,0.689,MEDIUM (partial recovery — ambiguous)
2703,2019-08-10,2019-08-12,2,0.0066,0.0212,0.0059,0.722,MEDIUM (partial recovery — ambiguous)
2703,2019-08-12,2019-08-12,0,0.0059,0.0212,0.0022,0.896,MEDIUM (partial recovery — ambiguous)
2703,2019-08-12,2019-08-12,0,0.0022,0.0212,0.0034,0.84,MEDIUM (partial recovery — ambiguous)
2703,2019-08-12,2019-08-12,0,0.0034,0.0212,0.0028,0.868,MEDIUM (partial recovery — ambiguous)
2703,2019-08-12,2019-08-12,0,0.0028,0.0212,0.0039,0.816,MEDIUM (partial recovery — ambiguous)
2703,2019-08-12,2019-08-20,8,0.0039,0.0212,0.0101,0.524,MEDIUM (partial recovery — ambiguous)
2703,2019-08-20,2019-08-20,0,0.0101,0.0212,0.0024,0.887,MEDIUM (partial recovery — ambiguous)
2703,2019-08-20,2019-08-20,0,0.0024,0.0212,0.0044,0.792,MEDIUM (partial recovery — ambiguous)
2703,2019-08-20,2019-08-20,0,0.0044,0.0212,0.003,0.858,MEDIUM (partial recovery — ambiguous)
2703,2019-08-20,2019-08-20,0,0.003,0.0212,0.0061,0.712,MEDIUM (partial recovery — ambiguous)
2703,2019-08-20,2019-08-24,4,0.0061,0.0212,0.0088,0.585,HIGH (confirmed: stayed low in later scenes)
2703,2019-08-24,2019-08-24,0,0.0088,0.0212,0.0023,0.892,HIGH (confirmed: stayed low in later scenes)
2703,2019-08-24,2019-08-24,0,0.0023,0.0212,0.0028,0.868,HIGH (confirmed: stayed low in later scenes)
2703,2019-08-24,2019-08-24,0,0.0028,0.0212,0.0029,0.863,HIGH (confirmed: stayed low in later scenes)
2703,2019-08-24,2019-08-24,0,0.0029,0.0212,0.0058,0.726,HIGH (confirmed: stayed low in later scenes)
2703,2019-08-24,2019-08-25,1,0.0058,0.0212,0.002,0.906,HIGH (confirmed: stayed low in later scenes)
2703,2019-08-25,2019-08-25,0,0.002,0.0212,0.0025,0.882,HIGH (confirmed: stayed low in later scenes)
2703,2019-08-25,2019-08-25,0,0.0025,0.0212,0.0021,0.901,HIGH (confirmed: stayed low in later scenes)
2703,2019-08-25,2019-08-25,0,0.0021,0.0212,0.0021,0.901,MEDIUM (track ends after drop — no later data to confirm)
2711,2019-08-12,2019-08-20,8,0.0073,0.0081,0.0027,0.667,MEDIUM (track ends after drop — no later data to confirm)
2712,2019-08-02,2019-08-04,2,0.0189,0.0189,0.0093,0.508,MEDIUM (partial recovery — ambiguous)
2712,2019-08-04,2019-08-04,0,0.0093,0.0189,0.0089,0.529,MEDIUM (partial recovery — ambiguous)
2712,2019-08-04,2019-08-09,5,0.0089,0.0189,0.006,0.683,MEDIUM (partial recovery — ambiguous)
2712,2019-08-09,2019-08-09,0,0.006,0.0189,0.0081,0.571,MEDIUM (partial recovery — ambiguous)
2712,2019-08-09,2019-08-10,1,0.0081,0.0189,0.0071,0.624,MEDIUM (partial recovery — ambiguous)
2712,2019-08-10,2019-08-12,2,0.0102,0.0189,0.0037,0.804,MEDIUM (partial recovery — ambiguous)
2712,2019-08-12,2019-08-12,0,0.0037,0.0189,0.0064,0.661,MEDIUM (partial recovery — ambiguous)
2712,2019-08-12,2019-08-20,8,0.0064,0.0189,0.0087,0.54,MEDIUM (partial recovery — ambiguous)
2712,2019-08-20,2019-08-20,0,0.0087,0.0189,0.0089,0.529,MEDIUM (partial recovery — ambiguous)
2712,2019-08-20,2019-08-24,4,0.0089,0.0189,0.0073,0.614,MEDIUM (partial recovery — ambiguous)
2712,2019-08-24,2019-08-24,0,0.0073,0.0189,0.0062,0.672,HIGH (confirmed: stayed low in later scenes)
2712,2019-08-24,2019-08-24,0,0.0062,0.0189,0.0025,0.868,HIGH (confirmed: stayed low in later scenes)
2712,2019-08-24,2019-08-25,1,0.0025,0.0189,0.0028,0.852,HIGH (confirmed: stayed low in later scenes)
2712,2019-08-25,2019-08-25,0,0.0028,0.0189,0.0024,0.873,MEDIUM (track ends after drop — no later data to confirm)
2713,2019-08-04,2019-08-09,5,0.0791,0.0791,0.009,0.886,MEDIUM (partial recovery — ambiguous)
2713,2019-08-09,2019-08-09,0,0.009,0.0791,0.0117,0.852,MEDIUM (partial recovery — ambiguous)
2713,2019-08-09,2019-08-09,0,0.0117,0.0791,0.0084,0.894,MEDIUM (partial recovery — ambiguous)
2713,2019-08-09,2019-08-09,0,0.0084,0.0791,0.0151,0.809,MEDIUM (partial recovery — ambiguous)
2713,2019-08-09,2019-08-10,1,0.0151,0.0791,0.0125,0.842,MEDIUM (partial recovery — ambiguous)
2713,2019-08-10,2019-08-10,0,0.0125,0.0791,0.0324,0.59,MEDIUM (partial recovery — ambiguous)
2713,2019-08-10,2019-08-10,0,0.0324,0.0791,0.0215,0.728,MEDIUM (partial recovery — ambiguous)
2713,2019-08-10,2019-08-12,2,0.0215,0.0791,0.0073,0.908,MEDIUM (partial recovery — ambiguous)
2713,2019-08-12,2019-08-12,0,0.0073,0.0791,0.0214,0.729,MEDIUM (partial recovery — ambiguous)
2713,2019-08-12,2019-08-12,0,0.0214,0.0791,0.0146,0.815,MEDIUM (partial recovery — ambiguous)
2713,2019-08-12,2019-08-20,8,0.0146,0.0791,0.0209,0.736,MEDIUM (partial recovery — ambiguous)
2713,2019-08-20,2019-08-20,0,0.0209,0.0791,0.033,0.583,HIGH (confirmed: stayed low in later scenes)
2713,2019-08-20,2019-08-20,0,0.033,0.0791,0.0078,0.901,HIGH (confirmed: stayed low in later scenes)
2713,2019-08-20,2019-08-24,4,0.0078,0.0791,0.0108,0.863,HIGH (confirmed: stayed low in later scenes)
2713,2019-08-24,2019-08-24,0,0.0108,0.0791,0.0053,0.933,HIGH (confirmed: stayed low in later scenes)
2713,2019-08-24,2019-08-24,0,0.0053,0.0791,0.0048,0.939,HIGH (confirmed: stayed low in later scenes)
2713,2019-08-24,2019-08-24,0,0.0048,0.0791,0.0201,0.746,HIGH (confirmed: stayed low in later scenes)
2713,2019-08-24,2019-08-25,1,0.0201,0.0791,0.0024,0.97,HIGH (confirmed: stayed low in later scenes)
2713,2019-08-25,2019-08-25,0,0.0024,0.0791,0.0043,0.946,HIGH (confirmed: stayed low in later scenes)
2713,2019-08-25,2019-08-25,0,0.0043,0.0791,0.0186,0.765,HIGH (confirmed: stayed low in later scenes)
2713,2019-08-25,2019-08-29,4,0.0186,0.0791,0.0042,0.947,HIGH (confirmed: stayed low in later scenes)
2713,2019-08-29,2019-08-29,0,0.0042,0.0791,0.0177,0.776,HIGH (confirmed: stayed low in later scenes)
2713,2019-08-29,2019-09-01,3,0.0177,0.0791,0.0214,0.729,HIGH (confirmed: stayed low in later scenes)
2713,2019-09-01,2019-09-09,8,0.0214,0.0791,0.0186,0.765,MEDIUM (near season end — unconfirmable)
2717,2019-08-20,2019-08-24,4,0.0191,0.0264,0.0028,0.894,MEDIUM (partial recovery — ambiguous)
2717,2019-08-24,2019-08-24,0,0.0028,0.0264,0.0099,0.625,MEDIUM (partial recovery — ambiguous)
2717,2019-08-24,2019-08-25,1,0.0099,0.0264,0.0083,0.686,MEDIUM (track ends after drop — no later data to confirm)
2719,2019-08-12,2019-08-20,8,0.0236,0.0249,0.0097,0.61,HIGH (confirmed: stayed low in later scenes)
2719,2019-08-20,2019-08-24,4,0.0097,0.0249,0.0035,0.859,MEDIUM (track ends after drop — no later data to confirm)
2720,2019-08-02,2019-08-04,2,0.0488,0.0488,0.0057,0.883,HIGH (confirmed: stayed low in later scenes)
2720,2019-08-04,2019-08-04,0,0.0057,0.0488,0.0041,0.916,HIGH (confirmed: stayed low in later scenes)
2720,2019-08-04,2019-08-04,0,0.0041,0.0488,0.0108,0.779,HIGH (confirmed: stayed low in later scenes)
2720,2019-08-04,2019-08-04,0,0.0108,0.0488,0.0034,0.93,HIGH (confirmed: stayed low in later scenes)
2720,2019-08-04,2019-08-09,5,0.0034,0.0488,0.0036,0.926,HIGH (confirmed: stayed low in later scenes)
2720,2019-08-09,2019-08-09,0,0.0036,0.0488,0.0021,0.957,HIGH (confirmed: stayed low in later scenes)
2720,2019-08-09,2019-08-09,0,0.0021,0.0488,0.0056,0.885,HIGH (confirmed: stayed low in later scenes)
2720,2019-08-09,2019-08-10,1,0.0056,0.0488,0.0031,0.936,HIGH (confirmed: stayed low in later scenes)
2720,2019-08-10,2019-08-10,0,0.0031,0.0488,0.0064,0.869,HIGH (confirmed: stayed low in later scenes)
2720,2019-08-10,2019-08-10,0,0.0064,0.0488,0.0072,0.852,HIGH (confirmed: stayed low in later scenes)
2720,2019-08-10,2019-08-12,2,0.0072,0.0488,0.0034,0.93,HIGH (confirmed: stayed low in later scenes)
2720,2019-08-12,2019-08-12,0,0.0034,0.0488,0.0028,0.943,HIGH (confirmed: stayed low in later scenes)
2720,2019-08-12,2019-08-12,0,0.0028,0.0488,0.0034,0.93,HIGH (confirmed: stayed low in later scenes)
2720,2019-08-12,2019-08-20,8,0.0034,0.0488,0.0089,0.818,HIGH (confirmed: stayed low in later scenes)
2720,2019-08-20,2019-08-20,0,0.0089,0.0488,0.0031,0.936,HIGH (confirmed: stayed low in later scenes)
2720,2019-08-20,2019-08-24,4,0.0031,0.0488,0.0023,0.953,HIGH (confirmed: stayed low in later scenes)
2720,2019-08-24,2019-08-25,1,0.0023,0.0488,0.0022,0.955,MEDIUM (track ends after drop — no later data to confirm)
2723,2019-08-04,2019-08-09,5,0.0049,0.0071,0.002,0.718,MEDIUM (partial recovery — ambiguous)
2726,2019-08-20,2019-08-24,4,0.0228,0.0255,0.012,0.529,MEDIUM (partial recovery — ambiguous)
2726,2019-08-24,2019-08-24,0,0.012,0.0255,0.005,0.804,MEDIUM (partial recovery — ambiguous)
2726,2019-08-24,2019-08-25,1,0.005,0.0255,0.0093,0.635,MEDIUM (partial recovery — ambiguous)
2726,2019-08-25,2019-08-25,0,0.0093,0.0255,0.0045,0.824,MEDIUM (partial recovery — ambiguous)
2726,2019-08-25,2019-08-29,4,0.0045,0.0255,0.0098,0.616,MEDIUM (partial recovery — ambiguous)
2726,2019-08-29,2019-08-29,0,0.0098,0.0255,0.0101,0.604,MEDIUM (track ends after drop — no later data to confirm)
2737,2019-08-20,2019-08-24,4,0.0186,0.0186,0.0032,0.828,MEDIUM (partial recovery — ambiguous)
2737,2019-08-24,2019-08-25,1,0.0032,0.0186,0.0064,0.656,MEDIUM (track ends after drop — no later data to confirm)
2752,2019-08-12,2019-08-20,8,0.0064,0.008,0.004,0.5,MEDIUM (track ends after drop — no later data to confirm)
2755,2019-08-12,2019-08-20,8,0.0102,0.0175,0.0041,0.766,MEDIUM (partial recovery — ambiguous)
2755,2019-08-20,2019-08-24,4,0.0041,0.0175,0.0037,0.789,MEDIUM (partial recovery — ambiguous)
2755,2019-08-24,2019-08-25,1,0.0037,0.0175,0.0023,0.869,MEDIUM (partial recovery — ambiguous)
2755,2019-08-25,2019-08-29,4,0.0023,0.0175,0.0021,0.88,MEDIUM (partial recovery — ambiguous)
2755,2019-08-29,2019-09-01,3,0.0021,0.0175,0.0057,0.674,MEDIUM (near season end — unconfirmable)
2761,2019-08-25,2019-08-29,4,0.1058,0.1187,0.0534,0.55,MEDIUM (partial recovery — ambiguous)
2761,2019-08-29,2019-08-29,0,0.0534,0.1187,0.0165,0.861,MEDIUM (partial recovery — ambiguous)
2761,2019-08-29,2019-09-01,3,0.0165,0.1187,0.0366,0.692,MEDIUM (partial recovery — ambiguous)
2761,2019-09-01,2019-09-01,0,0.0366,0.1187,0.0134,0.887,MEDIUM (partial recovery — ambiguous)
2763,2019-08-24,2019-08-25,1,0.0385,0.0399,0.0032,0.92,HIGH (confirmed: stayed low in later scenes)
2763,2019-08-25,2019-08-29,4,0.0032,0.0399,0.006,0.85,MEDIUM (track ends after drop — no later data to confirm)
2764,2019-08-25,2019-08-29,4,0.0267,0.0516,0.0195,0.622,HIGH (confirmed: stayed low in later scenes)
2764,2019-08-29,2019-09-01,3,0.0195,0.0516,0.0027,0.948,HIGH (confirmed: stayed low in later scenes)
2764,2019-09-01,2019-09-09,8,0.0027,0.0516,0.0032,0.938,MEDIUM (near season end — unconfirmable)
2773,2019-08-25,2019-08-29,4,0.0265,0.0296,0.013,0.561,MEDIUM (partial recovery — ambiguous)
2773,2019-08-29,2019-09-01,3,0.013,0.0296,0.0101,0.659,MEDIUM (partial recovery — ambiguous)
2773,2019-09-01,2019-09-09,8,0.0101,0.0296,0.0133,0.551,MEDIUM (near season end — unconfirmable)
2775,2019-08-25,2019-08-29,4,0.0459,0.0515,0.022,0.573,MEDIUM (partial recovery — ambiguous)
2775,2019-08-29,2019-08-29,0,0.022,0.0515,0.0052,0.899,MEDIUM (partial recovery — ambiguous)
2775,2019-08-29,2019-09-01,3,0.0052,0.0515,0.0139,0.73,MEDIUM (partial recovery — ambiguous)
2775,2019-09-01,2019-09-09,8,0.0139,0.0515,0.0244,0.526,MEDIUM (near season end — unconfirmable)
2776,2019-08-20,2019-08-24,4,0.0059,0.0082,0.0034,0.585,MEDIUM (track ends after drop — no later data to confirm)
2781,2019-08-25,2019-08-29,4,0.0371,0.0424,0.0202,0.524,MEDIUM (track ends after drop — no later data to confirm)
2792,2019-08-04,2019-08-09,5,0.1313,0.1313,0.036,0.726,MEDIUM (partial recovery — ambiguous)
2792,2019-08-09,2019-08-10,1,0.036,0.1313,0.0634,0.517,HIGH (confirmed: stayed low in later scenes)
2792,2019-08-10,2019-08-12,2,0.0634,0.1313,0.0035,0.973,HIGH (confirmed: stayed low in later scenes)
2792,2019-08-12,2019-08-12,0,0.0035,0.1313,0.0075,0.943,HIGH (confirmed: stayed low in later scenes)
2792,2019-08-12,2019-08-12,0,0.0075,0.1313,0.0047,0.964,MEDIUM (track ends after drop — no later data to confirm)
2807,2019-08-10,2019-08-12,2,0.032,0.0398,0.0079,0.802,HIGH (confirmed: stayed low in later scenes)
2807,2019-08-12,2019-08-12,0,0.0079,0.0398,0.0114,0.714,MEDIUM (track ends after drop — no later data to confirm)
2851,2019-08-10,2019-08-12,2,0.0286,0.035,0.0061,0.826,HIGH (confirmed: stayed low in later scenes)
2851,2019-08-12,2019-08-20,8,0.0061,0.035,0.004,0.886,MEDIUM (track ends after drop — no later data to confirm)
2852,2019-08-24,2019-08-25,1,0.0073,0.0073,0.0031,0.575,MEDIUM (partial recovery — ambiguous)
2854,2019-08-10,2019-08-12,2,0.0098,0.0108,0.0039,0.639,MEDIUM (track ends after drop — no later data to confirm)
2857,2019-08-25,2019-08-29,4,0.0184,0.0235,0.0116,0.506,MEDIUM (track ends after drop — no later data to confirm)
2879,2019-08-12,2019-08-20,8,0.0197,0.0296,0.0128,0.568,HIGH (confirmed: stayed low in later scenes)
2879,2019-08-20,2019-08-24,4,0.0128,0.0296,0.0065,0.78,MEDIUM (track ends after drop — no later data to confirm)
2881,2019-08-12,2019-08-20,8,0.0152,0.0185,0.0057,0.692,MEDIUM (partial recovery — ambiguous)
2881,2019-08-20,2019-08-24,4,0.0057,0.0185,0.0064,0.654,MEDIUM (track ends after drop — no later data to confirm)
2882,2019-08-25,2019-08-29,4,0.0122,0.0141,0.0023,0.837,MEDIUM (partial recovery — ambiguous)
2882,2019-09-01,2019-09-09,8,0.0094,0.0141,0.0043,0.695,MEDIUM (near season end — unconfirmable)
2886,2019-08-10,2019-08-12,2,0.0138,0.015,0.0073,0.513,HIGH (confirmed: stayed low in later scenes)
2886,2019-08-12,2019-08-20,8,0.0073,0.015,0.0033,0.78,HIGH (confirmed: stayed low in later scenes)
2886,2019-08-20,2019-08-24,4,0.0033,0.015,0.0024,0.84,MEDIUM (track ends after drop — no later data to confirm)
2891,2019-08-12,2019-08-20,8,0.0267,0.0318,0.0136,0.572,MEDIUM (partial recovery — ambiguous)
2891,2019-08-20,2019-08-24,4,0.0136,0.0318,0.015,0.528,HIGH (confirmed: stayed low in later scenes)
2891,2019-08-24,2019-08-25,1,0.015,0.0318,0.0085,0.733,HIGH (confirmed: stayed low in later scenes)
2891,2019-08-25,2019-08-29,4,0.0085,0.0318,0.002,0.937,MEDIUM (track ends after drop — no later data to confirm)
2894,2019-08-29,2019-09-01,3,0.0516,0.1006,0.0126,0.875,MEDIUM (near season end — unconfirmable)
2895,2019-08-25,2019-08-29,4,0.0654,0.0735,0.022,0.701,MEDIUM (track ends after drop — no later data to confirm)
2898,2019-08-25,2019-08-29,4,0.0169,0.0179,0.0021,0.883,MEDIUM (partial recovery — ambiguous)
2898,2019-09-01,2019-09-09,8,0.0125,0.0179,0.0048,0.732,MEDIUM (near season end — unconfirmable)
2905,2019-08-10,2019-08-12,2,0.0072,0.0074,0.0037,0.5,MEDIUM (track ends after drop — no later data to confirm)
2910,2019-08-12,2019-08-20,8,0.012,0.0155,0.004,0.742,HIGH (confirmed: stayed low in later scenes)
2910,2019-08-20,2019-08-24,4,0.004,0.0155,0.0034,0.781,MEDIUM (track ends after drop — no later data to confirm)
2912,2019-09-01,2019-09-09,8,0.0486,0.0567,0.0213,0.624,MEDIUM (near season end — unconfirmable)
2915,2019-08-10,2019-08-12,2,0.0405,0.0405,0.0146,0.64,MEDIUM (partial recovery — ambiguous)
2915,2019-08-12,2019-08-12,0,0.0146,0.0405,0.0054,0.867,MEDIUM (partial recovery — ambiguous)
2915,2019-08-20,2019-08-24,4,0.0217,0.0405,0.0099,0.756,HIGH (confirmed: stayed low in later scenes)
2915,2019-08-24,2019-08-25,1,0.0099,0.0405,0.0099,0.756,MEDIUM (track ends after drop — no later data to confirm)
2921,2019-08-10,2019-08-12,2,0.0135,0.0146,0.0069,0.527,MEDIUM (partial recovery — ambiguous)
2921,2019-08-12,2019-08-20,8,0.0069,0.0146,0.0063,0.568,MEDIUM (track ends after drop — no later data to confirm)
2927,2019-08-10,2019-08-12,2,0.01,0.0124,0.0044,0.645,MEDIUM (track ends after drop — no later data to confirm)
2947,2019-08-10,2019-08-12,2,0.0073,0.0073,0.0033,0.548,MEDIUM (track ends after drop — no later data to confirm)
2952,2019-08-25,2019-08-29,4,0.012,0.0159,0.0025,0.843,HIGH (confirmed: stayed low in later scenes)
2952,2019-08-29,2019-08-29,0,0.0025,0.0159,0.0028,0.824,MEDIUM (track ends after drop — no later data to confirm)
2954,2019-08-24,2019-08-24,0,0.0183,0.0282,0.0047,0.833,MEDIUM (partial recovery — ambiguous)
2954,2019-08-25,2019-08-25,0,0.017,0.0282,0.0043,0.848,MEDIUM (partial recovery — ambiguous)
2954,2019-08-25,2019-08-29,4,0.0043,0.0282,0.0116,0.589,HIGH (confirmed: stayed low in later scenes)
2954,2019-08-29,2019-08-29,0,0.0116,0.0282,0.0058,0.794,MEDIUM (track ends after drop — no later data to confirm)
2956,2019-08-10,2019-08-12,2,0.0042,0.0048,0.0022,0.542,MEDIUM (track ends after drop — no later data to confirm)
2963,2019-09-09,2019-09-09,0,0.219,0.2369,0.0245,0.897,HIGH (confirmed: stayed low in later scenes)
2963,2019-09-09,2019-09-09,0,0.0245,0.2369,0.0223,0.906,MEDIUM (near season end — unconfirmable)
2964,2019-08-10,2019-08-12,2,0.0122,0.0122,0.0051,0.582,HIGH (confirmed: stayed low in later scenes)
2964,2019-08-12,2019-08-12,0,0.0051,0.0122,0.0026,0.787,MEDIUM (track ends after drop — no later data to confirm)
2967,2019-08-10,2019-08-12,2,0.0043,0.0043,0.002,0.535,MEDIUM (track ends after drop — no later data to confirm)
3036,2019-08-24,2019-08-25,1,0.1312,0.1312,0.0033,0.975,MEDIUM (partial recovery — ambiguous)
3036,2019-08-25,2019-08-25,0,0.0916,0.1312,0.0052,0.96,MEDIUM (partial recovery — ambiguous)
3039,2019-08-24,2019-08-25,1,0.0279,0.0279,0.0034,0.878,MEDIUM (track ends after drop — no later data to confirm)
3048,2019-08-25,2019-08-29,4,0.0683,0.0683,0.0253,0.63,MEDIUM (track ends after drop — no later data to confirm)
3051,2019-08-29,2019-08-29,0,0.009,0.009,0.0034,0.622,MEDIUM (track ends after drop — no later data to confirm)
3065,2019-08-25,2019-08-29,4,0.0074,0.0137,0.0058,0.577,MEDIUM (track ends after drop — no later data to confirm)
3098,2019-09-01,2019-09-09,8,0.3654,0.3654,0.1556,0.574,HIGH (confirmed: stayed low in later scenes)
3098,2019-09-09,2019-09-09,0,0.1556,0.3654,0.0053,0.985,HIGH (confirmed: stayed low in later scenes)
3098,2019-09-09,2019-09-09,0,0.0053,0.3654,0.015,0.959,HIGH (confirmed: stayed low in later scenes)
3098,2019-09-09,2019-09-09,0,0.015,0.3654,0.0034,0.991,MEDIUM (near season end — unconfirmable)
3099,2019-09-09,2019-09-09,0,0.1075,0.1237,0.0026,0.979,MEDIUM (near season end — unconfirmable)
3109,2019-08-24,2019-08-25,1,0.0239,0.0239,0.0085,0.644,MEDIUM (track ends after drop — no later data to confirm)
3112,2019-08-24,2019-08-25,1,0.0175,0.0175,0.0073,0.583,MEDIUM (track ends after drop — no later data to confirm)
3119,2019-08-25,2019-08-29,4,0.0076,0.0082,0.0021,0.744,MEDIUM (track ends after drop — no later data to confirm)
3130,2019-08-24,2019-08-25,1,0.0257,0.0257,0.0051,0.802,MEDIUM (track ends after drop — no later data to confirm)
3166,2019-08-24,2019-08-25,1,0.0368,0.0368,0.0159,0.568,HIGH (confirmed: stayed low in later scenes)
3166,2019-08-25,2019-08-29,4,0.0159,0.0368,0.0038,0.897,MEDIUM (track ends after drop — no later data to confirm)
3184,2019-09-01,2019-09-09,8,0.0354,0.0354,0.0035,0.901,MEDIUM (partial recovery — ambiguous)
3184,2019-09-09,2019-09-09,0,0.0035,0.0354,0.0128,0.638,MEDIUM (near season end — unconfirmable)
3187,2019-09-01,2019-09-09,8,0.2261,0.2261,0.0192,0.915,HIGH (confirmed: stayed low in later scenes)
3187,2019-09-09,2019-09-09,0,0.0192,0.2261,0.005,0.978,HIGH (confirmed: stayed low in later scenes)
3187,2019-09-09,2019-09-09,0,0.005,0.2261,0.0073,0.968,HIGH (confirmed: stayed low in later scenes)
3187,2019-09-09,2019-09-09,0,0.0073,0.2261,0.0064,0.972,MEDIUM (near season end — unconfirmable)
3195,2019-08-25,2019-08-29,4,0.0208,0.0208,0.0031,0.851,HIGH (confirmed: stayed low in later scenes)
3195,2019-08-29,2019-09-01,3,0.0031,0.0208,0.0038,0.817,MEDIUM (near season end — unconfirmable)
3200,2019-08-25,2019-08-25,0,0.0786,0.0959,0.0027,0.972,MEDIUM (partial recovery — ambiguous)
3200,2019-08-29,2019-08-29,0,0.0574,0.0959,0.0041,0.957,MEDIUM (partial recovery — ambiguous)
3200,2019-08-29,2019-09-01,3,0.0041,0.0959,0.0457,0.523,MEDIUM (partial recovery — ambiguous)
3200,2019-09-01,2019-09-09,8,0.0457,0.0959,0.0412,0.57,MEDIUM (near season end — unconfirmable)
3279,2019-09-01,2019-09-09,8,0.054,0.054,0.0144,0.733,MEDIUM (near season end — unconfirmable)
3282,2019-09-01,2019-09-09,8,0.0938,0.0938,0.0079,0.916,HIGH (confirmed: stayed low in later scenes)
3282,2019-09-09,2019-09-09,0,0.0079,0.0938,0.0054,0.942,HIGH (confirmed: stayed low in later scenes)
3282,2019-09-09,2019-09-09,0,0.0054,0.0938,0.015,0.84,HIGH (confirmed: stayed low in later scenes)
3282,2019-09-09,2019-09-09,0,0.015,0.0938,0.004,0.957,MEDIUM (near season end — unconfirmable)
3289,2019-09-01,2019-09-09,8,0.43,0.43,0.0066,0.985,HIGH (confirmed: stayed low in later scenes)
3289,2019-09-09,2019-09-09,0,0.0066,0.43,0.0069,0.984,HIGH (confirmed: stayed low in later scenes)
3289,2019-09-09,2019-09-09,0,0.0069,0.43,0.0032,0.993,MEDIUM (near season end — unconfirmable)
3290,2019-08-29,2019-09-01,3,0.024,0.024,0.0099,0.588,MEDIUM (near season end — unconfirmable)
3302,2019-09-01,2019-09-01,0,0.008,0.0107,0.0049,0.542,MEDIUM (near season end — unconfirmable)
3327,2019-09-01,2019-09-09,8,0.0177,0.0177,0.0088,0.503,MEDIUM (near season end — unconfirmable)
3340,2019-09-01,2019-09-09,8,0.0167,0.0167,0.0072,0.569,MEDIUM (near season end — unconfirmable)
3360,2019-09-01,2019-09-09,8,0.0072,0.0072,0.0035,0.514,MEDIUM (near season end — unconfirmable)
3415,2019-09-01,2019-09-09,8,0.0085,0.0085,0.0031,0.635,MEDIUM (near season end — unconfirmable)
3438,2019-09-01,2019-09-09,8,0.0058,0.0058,0.0021,0.638,MEDIUM (near season end — unconfirmable)
